Altitude,Speed,Radar_Cross_Section,Acoustic_Signature,Thermal_Signature,RF_Signal_Strength,Target_Type
145.15,14.42,0.15,47.75,49.0,53.49,Single Drone
365.56,37.9,0.32,66.2,63.08,45.22,Single Drone
601.73,47.3,0.48,50.72,54.21,48.01,Single Drone
83.17,14.63,0.05,12.31,37.31,0.0,Bird
848.51,44.39,5.68,91.39,95.33,88.45,Drone Swarm
507.92,49.57,0.13,47.27,64.72,44.5,Single Drone
309.8,24.09,0.28,69.42,58.42,51.41,Single Drone
461.94,38.7,3.46,93.97,70.25,119.91,Drone Swarm
182.02,16.71,0.05,14.83,38.91,0.0,Bird
820.47,13.54,4.52,82.69,92.54,95.25,Drone Swarm
362.08,37.91,2.45,103.6,89.24,72.58,Drone Swarm
188.5,23.78,0.02,15.37,41.12,0.0,Bird
32.75,6.78,0.01,25.21,40.53,0.0,Bird
216.04,21.41,0.39,66.96,63.95,29.07,Single Drone
171.05,16.24,3.32,84.28,97.5,102.41,Drone Swarm
49.5,16.08,0.02,18.63,37.03,0.0,Bird
131.13,28.43,0.13,60.58,55.34,32.15,Single Drone
18.2,22.57,0.05,22.19,38.04,0.0,Bird
728.35,42.31,2.24,105.41,80.19,111.65,Drone Swarm
533.75,31.19,4.12,93.37,89.31,119.59,Drone Swarm
59.17,22.72,0.04,24.76,39.06,0.0,Bird
122.26,6.57,0.02,14.07,41.02,0.0,Bird
128.59,24.93,0.04,10.13,39.67,0.0,Bird
637.14,17.39,4.66,82.52,73.57,119.54,Drone Swarm
623.08,12.6,0.38,64.38,55.4,55.21,Single Drone
331.02,13.74,4.63,77.4,81.93,103.09,Drone Swarm
815.36,23.59,3.71,84.51,94.03,118.17,Drone Swarm
604.14,14.85,0.44,50.79,53.05,48.27,Single Drone
156.3,8.35,0.02,22.97,37.72,0.0,Bird
449.7,13.79,0.46,60.32,58.91,28.56,Single Drone
133.73,48.49,0.25,50.91,51.81,54.63,Single Drone
792.39,40.27,0.21,56.77,59.89,25.57,Single Drone
82.94,5.38,0.03,23.27,37.95,0.0,Bird
894.84,24.38,4.13,100.55,89.86,70.86,Drone Swarm
17.1,7.65,0.02,27.55,37.4,0.0,Bird
113.12,23.04,0.04,16.54,37.94,0.0,Bird
69.21,26.58,2.01,92.9,90.97,93.94,Drone Swarm
135.44,22.44,0.03,25.33,40.36,0.0,Bird
128.35,17.73,0.01,17.51,39.16,0.0,Bird
456.93,38.98,0.25,40.85,63.87,21.82,Single Drone
74.42,5.91,0.01,17.09,40.1,0.0,Bird
77.78,13.36,0.03,22.47,38.27,0.0,Bird
157.52,15.4,0.02,16.51,37.23,0.0,Bird
161.1,24.93,0.02,11.85,41.22,0.0,Bird
716.42,13.46,0.15,46.65,47.68,42.15,Single Drone
96.84,30.11,0.2,51.21,45.67,54.62,Single Drone
396.79,39.13,5.09,101.93,86.96,104.16,Drone Swarm
44.55,19.11,0.03,22.43,40.21,0.0,Bird
520.69,12.08,3.55,106.12,79.65,100.4,Drone Swarm
304.74,31.34,0.37,52.55,45.38,27.75,Single Drone
84.64,26.76,0.14,65.88,53.66,28.85,Single Drone
249.01,35.3,3.87,96.1,92.33,81.5,Drone Swarm
180.73,11.47,0.01,27.18,41.82,0.0,Bird
769.97,37.33,5.46,108.92,84.48,106.43,Drone Swarm
37.53,18.95,0.04,24.11,40.56,0.0,Bird
976.13,19.5,5.16,80.62,76.98,77.85,Drone Swarm
523.42,36.94,0.45,44.76,58.74,45.35,Single Drone
34.22,22.84,0.04,16.88,38.17,0.0,Bird
557.4,36.09,3.54,89.18,97.44,71.44,Drone Swarm
499.76,16.9,0.17,60.62,55.51,33.32,Single Drone
33.62,24.67,0.04,18.86,39.18,0.0,Bird
129.3,15.66,0.02,17.49,39.43,0.0,Bird
43.83,13.79,0.05,19.51,38.76,0.0,Bird
142.43,12.85,0.03,19.49,40.24,0.0,Bird
157.28,15.58,0.03,19.66,40.45,0.0,Bird
808.1,16.23,0.32,49.5,46.87,57.17,Single Drone
233.04,24.0,0.23,50.27,51.2,35.37,Single Drone
764.21,21.96,0.26,44.05,45.87,20.36,Single Drone
835.07,39.58,0.1,66.55,47.89,38.89,Single Drone
82.37,23.69,0.02,19.38,39.89,0.0,Bird
767.09,32.48,0.47,55.57,53.54,55.31,Single Drone
805.38,32.93,4.59,93.75,81.36,102.17,Drone Swarm
281.86,16.15,4.79,78.7,72.87,109.73,Drone Swarm
967.54,11.94,0.38,41.15,62.4,43.8,Single Drone
69.73,22.68,0.02,28.29,39.74,0.0,Bird
126.02,6.36,0.03,10.6,41.4,0.0,Bird
892.24,40.88,3.79,78.99,87.59,107.32,Drone Swarm
590.96,34.44,5.76,107.04,97.66,106.78,Drone Swarm
585.21,42.55,2.28,81.01,80.86,116.39,Drone Swarm
579.76,17.69,4.28,75.48,88.42,71.97,Drone Swarm
138.88,14.85,0.13,47.26,50.88,54.75,Single Drone
996.41,47.26,0.18,50.29,53.19,29.16,Single Drone
13.44,5.83,0.03,10.65,38.49,0.0,Bird
850.8,29.29,0.24,42.52,57.73,39.76,Single Drone
181.0,12.8,1.58,78.13,92.4,70.02,Drone Swarm
64.12,10.34,0.03,15.38,41.59,0.0,Bird
768.65,30.71,5.38,87.17,73.91,101.6,Drone Swarm
295.85,11.5,0.19,62.33,58.91,48.48,Single Drone
739.8,23.1,4.59,109.07,86.4,86.42,Drone Swarm
255.85,38.13,3.6,82.01,85.09,110.62,Drone Swarm
145.77,8.19,0.04,11.33,41.68,0.0,Bird
835.14,44.06,0.18,45.5,55.14,47.2,Single Drone
445.12,15.0,5.63,96.46,90.76,98.2,Drone Swarm
339.66,35.53,0.24,60.88,50.78,38.05,Single Drone
774.02,21.22,0.35,40.59,63.51,21.91,Single Drone
65.71,5.79,0.03,16.26,39.08,0.0,Bird
915.21,11.01,2.04,102.27,83.94,100.31,Drone Swarm
352.04,24.36,2.01,75.44,94.99,79.79,Drone Swarm
132.58,17.68,0.02,11.41,41.37,0.0,Bird
661.26,13.59,0.16,61.73,64.32,35.79,Single Drone
576.79,33.84,4.8,105.67,91.43,84.11,Drone Swarm
135.88,17.32,0.04,24.09,39.14,0.0,Bird
115.78,22.24,0.01,21.32,38.97,0.0,Bird
896.29,31.47,0.35,47.5,54.87,54.85,Single Drone
448.37,46.45,0.28,53.56,47.45,33.22,Single Drone
109.63,8.55,0.05,17.47,37.35,0.0,Bird
902.66,15.06,0.11,59.85,56.31,26.64,Single Drone
153.99,19.38,0.01,24.85,37.66,0.0,Bird
116.64,15.25,0.03,26.8,41.64,0.0,Bird
828.52,41.77,0.23,52.75,55.02,55.77,Single Drone
311.9,43.07,1.54,102.77,99.4,84.83,Drone Swarm
183.08,16.6,0.04,29.47,40.67,0.0,Bird
60.48,41.15,2.54,77.43,77.39,71.9,Drone Swarm
727.38,13.34,4.4,86.82,87.48,101.97,Drone Swarm
77.14,18.36,0.03,14.22,40.05,0.0,Bird
357.78,19.6,4.26,90.17,97.33,115.38,Drone Swarm
81.16,8.7,0.02,23.45,39.86,0.0,Bird
168.84,14.05,0.05,14.35,41.85,0.0,Bird
332.97,12.63,0.36,42.09,58.27,59.17,Single Drone
272.61,44.69,0.36,51.7,46.08,46.47,Single Drone
145.03,35.57,5.69,86.63,84.63,81.85,Drone Swarm
314.76,38.94,0.12,66.01,61.1,39.12,Single Drone
160.86,21.03,0.02,13.81,41.33,0.0,Bird
651.52,14.51,0.3,47.64,60.32,38.9,Single Drone
339.27,38.13,0.25,45.74,63.91,40.85,Single Drone
943.38,33.25,2.49,107.63,98.54,119.87,Drone Swarm
564.91,19.63,0.19,46.11,51.5,44.59,Single Drone
52.17,16.3,0.02,14.63,41.12,0.0,Bird
118.28,11.49,0.05,16.0,41.96,0.0,Bird
112.91,14.62,0.05,23.19,38.13,0.0,Bird
493.62,35.01,5.86,98.56,91.61,94.08,Drone Swarm
509.96,18.37,0.15,57.42,46.51,59.9,Single Drone
116.57,29.09,0.19,59.64,64.14,48.22,Single Drone
966.14,13.92,0.19,43.8,53.29,50.55,Single Drone
59.0,6.3,0.03,12.41,41.6,0.0,Bird
23.82,11.16,0.03,14.58,38.75,0.0,Bird
147.93,24.47,0.03,28.82,37.13,0.0,Bird
943.71,16.56,0.26,55.69,64.42,48.2,Single Drone
750.28,19.53,0.15,68.97,55.09,25.93,Single Drone
413.91,21.94,2.89,80.01,78.18,107.59,Drone Swarm
577.73,31.56,3.96,103.92,85.82,75.42,Drone Swarm
864.96,22.12,0.29,58.34,47.92,32.41,Single Drone
94.36,30.56,3.51,95.38,96.78,108.66,Drone Swarm
694.16,26.85,4.64,105.06,99.9,85.72,Drone Swarm
452.41,26.99,2.55,93.88,71.43,117.27,Drone Swarm
157.66,14.94,0.02,19.1,39.1,0.0,Bird
362.64,22.03,2.93,92.37,78.96,91.06,Drone Swarm
808.31,22.95,1.58,101.62,90.38,90.67,Drone Swarm
962.24,41.01,4.83,83.9,99.53,89.57,Drone Swarm
163.78,18.9,0.01,15.07,40.24,0.0,Bird
446.51,46.59,0.33,57.2,62.18,54.18,Single Drone
418.65,33.03,4.27,77.51,82.19,78.34,Drone Swarm
104.31,22.45,0.04,11.01,37.0,0.0,Bird
108.6,40.13,3.28,85.87,71.42,93.81,Drone Swarm
23.41,14.73,0.04,13.76,39.71,0.0,Bird
873.66,17.71,0.36,42.85,46.16,37.99,Single Drone
59.01,7.05,0.04,20.3,37.67,0.0,Bird
823.35,41.31,1.93,78.97,84.15,80.91,Drone Swarm
450.24,14.07,0.2,46.99,64.65,35.58,Single Drone
533.78,21.39,3.59,75.88,70.48,95.29,Drone Swarm
901.02,47.2,0.32,62.32,45.05,45.06,Single Drone
542.11,46.36,0.18,64.51,55.43,33.58,Single Drone
91.35,7.62,0.01,20.0,38.25,0.0,Bird
86.66,9.24,0.05,22.48,39.82,0.0,Bird
151.68,22.17,0.15,47.54,54.84,42.31,Single Drone
539.41,28.22,0.29,55.51,50.7,20.09,Single Drone
162.42,7.21,0.02,29.3,41.9,0.0,Bird
921.91,15.45,1.58,102.22,100.0,72.46,Drone Swarm
885.73,20.21,4.01,90.73,86.09,79.04,Drone Swarm
199.36,19.32,0.02,16.53,38.23,0.0,Bird
643.2,12.64,5.47,100.84,86.05,112.65,Drone Swarm
654.24,40.7,2.0,92.71,82.97,73.81,Drone Swarm
271.22,28.98,0.15,48.42,56.14,49.56,Single Drone
69.23,21.89,0.01,24.7,41.93,0.0,Bird
749.91,16.06,2.62,93.44,79.39,79.66,Drone Swarm
257.83,14.93,0.17,62.82,63.84,33.25,Single Drone
454.58,42.45,4.66,90.17,98.64,80.02,Drone Swarm
920.02,22.68,0.36,61.5,50.29,25.23,Single Drone
189.51,7.44,0.04,12.59,39.94,0.0,Bird
690.58,37.17,0.17,44.49,60.85,55.09,Single Drone
120.84,18.16,0.03,21.99,37.68,0.0,Bird
636.04,36.72,5.5,101.78,87.6,87.08,Drone Swarm
648.52,48.72,0.45,41.47,61.22,39.01,Single Drone
818.65,28.2,2.88,79.31,87.64,83.43,Drone Swarm
53.31,18.1,0.05,24.65,40.96,0.0,Bird
187.98,20.22,0.04,26.28,38.63,0.0,Bird
181.08,11.92,0.04,29.06,39.5,0.0,Bird
185.17,43.55,5.67,81.48,97.94,77.47,Drone Swarm
730.19,33.63,0.37,43.91,61.57,53.51,Single Drone
198.92,18.71,0.45,59.75,53.77,22.73,Single Drone
67.26,19.67,0.02,26.35,37.55,0.0,Bird
207.94,35.57,0.28,63.83,54.09,46.37,Single Drone
912.37,43.7,0.21,57.76,59.31,25.98,Single Drone
194.17,20.96,0.01,19.77,39.97,0.0,Bird
100.19,15.16,0.49,46.83,47.29,55.71,Single Drone
844.65,26.66,2.39,83.87,99.0,106.13,Drone Swarm
47.2,8.59,0.02,13.82,37.82,0.0,Bird
116.01,24.14,5.36,82.3,95.44,97.26,Drone Swarm
88.78,9.81,0.02,23.13,38.96,0.0,Bird
187.87,9.01,0.03,23.84,41.99,0.0,Bird
209.62,17.62,0.15,42.93,55.64,58.6,Single Drone
486.58,19.6,0.21,50.21,54.42,53.97,Single Drone
141.46,14.03,0.04,23.47,39.93,0.0,Bird
670.81,24.95,5.07,88.0,97.11,94.57,Drone Swarm
834.17,10.8,0.21,57.31,53.8,59.99,Single Drone
566.6,19.61,0.32,47.0,53.38,58.31,Single Drone
629.03,27.06,1.7,105.55,95.52,97.89,Drone Swarm
444.88,33.57,3.08,80.93,76.33,84.88,Drone Swarm
93.12,6.91,0.02,23.34,38.1,0.0,Bird
787.81,41.44,4.33,91.03,93.87,116.82,Drone Swarm
365.69,39.72,1.98,108.91,82.0,89.65,Drone Swarm
210.31,13.94,0.11,64.18,48.76,42.2,Single Drone
101.88,48.99,0.1,40.66,57.67,57.69,Single Drone
652.52,44.09,3.98,87.47,88.29,88.85,Drone Swarm
142.36,6.43,0.05,13.45,37.61,0.0,Bird
173.99,20.73,0.01,24.73,40.46,0.0,Bird
22.36,9.6,0.03,25.02,37.41,0.0,Bird
130.05,15.62,0.03,25.67,39.05,0.0,Bird
409.4,27.33,0.15,60.6,56.2,59.45,Single Drone
91.77,44.41,5.67,105.57,71.74,91.4,Drone Swarm
315.06,30.38,0.31,60.89,62.69,30.13,Single Drone
739.06,32.4,0.12,67.0,62.82,37.36,Single Drone
75.68,17.74,0.04,26.53,38.46,0.0,Bird
197.81,28.14,4.17,95.3,81.8,93.56,Drone Swarm
749.65,44.26,0.2,50.51,60.08,29.49,Single Drone
99.05,18.53,0.04,23.82,37.7,0.0,Bird
194.64,16.85,0.04,11.37,39.78,0.0,Bird
806.17,31.52,1.71,78.55,75.61,77.6,Drone Swarm
551.21,20.51,0.3,52.18,52.64,26.09,Single Drone
178.57,24.82,0.04,21.66,41.25,0.0,Bird
177.09,38.91,0.15,59.62,49.75,54.12,Single Drone
500.81,13.56,0.27,52.32,62.91,24.86,Single Drone
664.8,11.22,2.92,109.49,83.9,106.55,Drone Swarm
42.2,18.71,0.05,16.74,37.81,0.0,Bird
97.55,15.38,0.03,13.66,41.48,0.0,Bird
642.21,38.01,0.47,53.53,54.12,50.56,Single Drone
181.79,17.48,0.04,25.54,37.69,0.0,Bird
673.03,47.34,0.1,47.56,54.39,50.26,Single Drone
819.57,43.1,1.74,81.42,71.46,107.93,Drone Swarm
99.69,14.21,0.01,21.01,41.69,0.0,Bird
998.63,20.23,2.63,78.03,88.41,84.25,Drone Swarm
85.81,20.38,0.01,26.47,41.1,0.0,Bird
309.27,27.58,2.87,89.66,89.36,92.99,Drone Swarm
685.8,17.64,0.25,49.99,52.44,41.75,Single Drone
57.84,11.96,0.03,28.42,37.67,0.0,Bird
80.42,13.88,0.04,29.91,39.0,0.0,Bird
473.53,30.48,0.14,59.14,50.48,27.37,Single Drone
18.63,12.92,0.03,17.1,37.13,0.0,Bird
137.66,22.47,0.04,24.63,39.35,0.0,Bird
817.95,23.5,3.32,90.79,78.02,115.15,Drone Swarm
235.21,19.74,0.36,60.49,51.59,21.28,Single Drone
75.75,22.46,0.36,64.86,46.97,53.83,Single Drone
43.13,15.8,0.04,13.71,41.98,0.0,Bird
92.89,18.2,0.24,55.97,55.26,53.12,Single Drone
175.33,27.09,5.76,109.81,78.96,112.58,Drone Swarm
907.85,43.01,4.65,87.76,91.66,110.32,Drone Swarm
783.24,35.68,0.29,40.35,56.0,34.16,Single Drone
274.96,36.17,5.32,75.78,70.28,101.32,Drone Swarm
834.96,40.56,1.75,109.11,86.77,89.53,Drone Swarm
344.35,20.31,1.78,104.14,90.42,91.98,Drone Swarm
156.88,24.65,0.18,42.01,47.14,24.19,Single Drone
858.31,23.83,0.41,68.42,54.11,56.36,Single Drone
83.48,7.14,0.04,27.63,41.06,0.0,Bird
509.32,32.07,0.32,51.09,59.45,22.27,Single Drone
46.53,6.71,0.02,17.44,39.03,0.0,Bird
627.24,30.76,5.27,89.7,99.37,97.97,Drone Swarm
129.5,32.86,3.32,109.39,89.68,101.56,Drone Swarm
841.4,36.55,2.78,94.36,70.97,115.04,Drone Swarm
876.6,11.27,4.69,100.89,77.52,88.14,Drone Swarm
109.39,13.71,0.04,18.04,39.88,0.0,Bird
133.05,24.49,0.11,62.09,47.19,43.08,Single Drone
312.92,29.61,0.2,47.03,49.57,51.01,Single Drone
936.05,31.37,5.81,106.44,77.02,104.1,Drone Swarm
115.53,10.45,0.01,15.99,38.53,0.0,Bird
365.81,46.24,0.35,41.42,59.32,33.51,Single Drone
398.46,29.72,0.11,45.96,47.89,30.45,Single Drone
69.97,28.18,1.66,91.03,95.84,83.37,Drone Swarm
511.35,49.98,0.45,59.65,62.9,48.74,Single Drone
133.77,20.7,0.02,11.68,41.24,0.0,Bird
130.37,11.7,0.02,16.02,39.74,0.0,Bird
415.81,30.87,0.26,42.73,63.93,36.08,Single Drone
77.58,16.76,0.04,25.75,38.08,0.0,Bird
194.28,19.77,0.05,25.58,41.96,0.0,Bird
38.25,23.86,0.03,13.22,37.9,0.0,Bird
190.55,6.14,0.02,20.6,41.08,0.0,Bird
144.19,20.5,0.12,58.2,63.35,44.35,Single Drone
125.43,5.74,0.02,13.98,40.36,0.0,Bird
690.94,33.1,4.94,98.96,71.12,100.57,Drone Swarm
103.94,7.97,0.03,10.78,40.64,0.0,Bird
89.47,19.36,0.05,11.34,39.36,0.0,Bird
914.23,17.47,2.33,100.33,73.51,95.96,Drone Swarm
662.18,30.6,5.23,106.08,92.53,97.27,Drone Swarm
603.95,37.74,0.31,61.47,59.54,41.81,Single Drone
455.55,28.83,0.27,66.21,48.61,23.0,Single Drone
897.85,35.53,0.17,69.4,62.87,54.92,Single Drone
428.67,28.97,1.93,90.59,70.79,76.13,Drone Swarm
86.16,17.28,0.02,19.28,41.53,0.0,Bird
633.03,35.27,4.88,84.56,86.96,111.34,Drone Swarm
614.4,18.93,5.25,105.36,86.04,100.66,Drone Swarm
106.0,5.73,0.03,29.98,38.23,0.0,Bird
29.21,18.34,0.02,18.85,41.61,0.0,Bird
241.71,31.61,0.14,64.71,54.94,29.61,Single Drone
164.94,5.36,0.05,15.42,40.02,0.0,Bird
188.24,36.77,0.42,44.09,57.68,33.23,Single Drone
619.06,21.49,5.08,76.96,86.49,94.06,Drone Swarm
49.78,6.2,0.05,14.41,40.82,0.0,Bird
849.54,14.59,0.19,40.66,49.6,40.03,Single Drone
657.15,48.21,0.42,64.85,56.74,58.85,Single Drone
711.85,37.88,0.47,67.57,57.42,54.01,Single Drone
191.42,24.52,0.04,25.64,41.05,0.0,Bird
12.73,9.57,0.03,13.4,39.2,0.0,Bird
874.58,40.01,0.42,68.78,49.71,45.86,Single Drone
26.51,5.72,0.02,25.39,37.27,0.0,Bird
552.65,37.01,2.57,107.87,81.27,75.44,Drone Swarm
805.26,10.36,0.3,63.62,61.89,22.17,Single Drone
773.71,18.09,1.95,77.44,84.8,89.41,Drone Swarm
137.62,10.13,0.03,16.85,38.42,0.0,Bird
535.45,21.99,4.41,96.29,86.13,114.48,Drone Swarm
932.33,44.38,0.46,57.31,52.29,28.07,Single Drone
96.33,42.73,0.31,40.61,52.73,58.49,Single Drone
132.37,16.83,0.41,61.92,60.96,37.1,Single Drone
174.45,18.9,0.03,17.84,40.16,0.0,Bird
715.18,16.2,2.24,94.69,79.1,94.69,Drone Swarm
64.71,20.82,2.65,78.49,80.99,113.78,Drone Swarm
646.93,21.85,0.36,66.41,61.35,42.59,Single Drone
848.33,33.49,0.35,53.71,45.37,50.2,Single Drone
43.65,8.71,0.02,21.14,38.66,0.0,Bird
67.25,21.46,1.97,98.58,75.74,95.34,Drone Swarm
182.66,32.06,1.65,92.25,83.06,117.52,Drone Swarm
608.29,24.96,3.9,101.88,80.46,86.02,Drone Swarm
16.37,8.0,0.02,19.86,39.69,0.0,Bird
376.11,16.05,0.23,66.02,59.2,44.03,Single Drone
511.59,47.27,0.43,60.69,58.47,47.78,Single Drone
482.87,36.36,0.42,61.93,57.06,24.1,Single Drone
592.36,22.77,0.48,51.67,51.49,59.26,Single Drone
823.36,40.94,3.55,109.61,93.21,103.12,Drone Swarm
842.29,31.45,2.32,79.83,71.73,79.35,Drone Swarm
265.9,28.63,0.28,43.98,61.61,55.51,Single Drone
622.0,24.69,2.39,79.43,70.65,91.49,Drone Swarm
471.27,22.58,0.49,47.25,55.7,43.62,Single Drone
705.47,16.62,1.87,90.82,85.44,118.06,Drone Swarm
92.43,19.54,0.02,13.13,41.13,0.0,Bird
151.29,17.14,0.13,58.13,50.83,28.9,Single Drone
369.35,23.57,5.64,103.67,91.25,102.66,Drone Swarm
15.47,13.22,0.02,19.76,40.4,0.0,Bird
438.72,46.99,0.3,61.15,61.3,37.42,Single Drone
378.3,35.26,3.75,95.08,70.86,98.84,Drone Swarm
180.39,19.49,0.02,19.79,39.14,0.0,Bird
749.12,12.12,0.3,57.81,55.1,54.33,Single Drone
190.51,7.24,0.02,12.6,37.02,0.0,Bird
675.39,29.72,0.15,51.93,64.01,39.09,Single Drone
461.42,21.56,3.0,105.18,72.09,88.9,Drone Swarm
53.47,18.92,0.02,21.79,41.45,0.0,Bird
588.14,12.12,1.52,87.18,96.44,95.27,Drone Swarm
952.02,16.33,4.02,94.03,82.56,116.04,Drone Swarm
39.72,6.63,0.03,26.09,39.03,0.0,Bird
290.11,34.92,2.91,81.65,80.85,84.88,Drone Swarm
12.49,12.44,0.03,20.63,41.78,0.0,Bird
956.32,41.26,3.31,104.25,84.53,80.1,Drone Swarm
995.65,30.73,0.12,41.48,51.95,47.57,Single Drone
325.96,16.85,2.59,79.61,78.2,73.96,Drone Swarm
448.69,39.07,2.24,109.62,95.85,102.73,Drone Swarm
390.81,22.87,0.32,41.03,52.31,35.49,Single Drone
165.24,11.92,0.02,25.02,38.35,0.0,Bird
41.09,17.3,0.03,21.9,37.84,0.0,Bird
189.98,15.37,0.05,29.61,38.65,0.0,Bird
317.4,41.82,0.27,50.39,60.55,53.33,Single Drone
560.66,12.92,0.21,62.59,64.97,37.38,Single Drone
822.48,33.12,0.24,59.47,63.22,41.0,Single Drone
555.73,21.31,4.53,82.37,98.35,73.16,Drone Swarm
127.46,14.78,0.05,25.13,39.38,0.0,Bird
76.61,21.45,0.03,19.17,38.16,0.0,Bird
986.32,49.71,0.22,43.71,45.72,38.04,Single Drone
645.42,39.47,0.24,69.21,55.75,32.04,Single Drone
156.73,10.93,0.04,24.13,38.62,0.0,Bird
999.38,44.02,0.11,42.63,55.04,48.65,Single Drone
617.92,25.61,0.27,55.75,59.74,30.47,Single Drone
874.32,43.82,0.11,61.38,46.52,33.08,Single Drone
26.81,20.34,0.03,22.07,41.09,0.0,Bird
349.89,33.86,0.17,61.42,60.45,28.34,Single Drone
112.05,11.06,0.02,17.96,40.59,0.0,Bird
620.21,11.33,4.91,86.18,79.8,98.77,Drone Swarm
180.3,8.76,0.02,26.66,38.49,0.0,Bird
182.61,22.9,0.02,12.09,38.88,0.0,Bird
61.46,21.3,0.02,19.28,40.92,0.0,Bird
847.59,44.95,2.7,93.53,97.97,113.97,Drone Swarm
591.02,14.53,0.17,52.56,45.66,51.09,Single Drone
74.95,12.36,0.02,16.17,38.03,0.0,Bird
43.63,9.53,0.04,13.71,41.55,0.0,Bird
561.44,17.91,0.18,41.21,56.26,45.07,Single Drone
175.24,30.97,4.77,75.16,76.56,115.42,Drone Swarm
707.19,49.78,0.34,55.14,58.76,43.18,Single Drone
88.32,22.05,0.26,43.8,57.76,44.64,Single Drone
490.79,37.33,0.47,48.64,48.21,30.94,Single Drone
348.79,16.53,5.99,100.17,84.74,118.99,Drone Swarm
983.36,20.83,0.39,45.18,59.86,56.07,Single Drone
85.34,19.74,0.02,26.8,38.2,0.0,Bird
176.56,9.56,0.01,12.88,39.29,0.0,Bird
12.09,15.35,0.01,10.33,41.7,0.0,Bird
879.99,34.25,5.62,81.22,87.18,96.8,Drone Swarm
14.82,19.66,0.04,10.84,38.5,0.0,Bird
978.75,23.42,5.38,101.54,98.13,88.87,Drone Swarm
975.72,26.81,0.12,48.23,61.49,43.61,Single Drone
703.71,21.24,5.53,97.71,88.57,105.92,Drone Swarm
511.29,42.01,1.68,84.68,96.29,106.66,Drone Swarm
629.86,10.34,0.29,52.4,57.75,43.34,Single Drone
163.41,22.77,0.04,15.42,38.47,0.0,Bird
333.86,37.78,1.82,109.45,81.29,71.24,Drone Swarm
31.52,6.97,0.04,11.06,41.3,0.0,Bird
136.13,34.6,2.56,91.06,82.71,85.61,Drone Swarm
573.04,30.07,0.49,40.45,59.45,25.38,Single Drone
192.9,21.35,0.04,10.17,41.38,0.0,Bird
300.37,17.35,0.15,59.68,58.81,23.64,Single Drone
103.58,5.62,0.04,11.15,41.56,0.0,Bird
166.28,15.67,0.03,19.3,37.12,0.0,Bird
368.13,16.73,0.12,68.23,57.65,30.0,Single Drone
535.54,35.14,0.23,54.75,62.53,27.77,Single Drone
40.63,9.49,0.02,14.84,39.5,0.0,Bird
916.23,24.82,0.47,50.34,46.02,25.09,Single Drone
70.67,9.12,0.04,18.22,37.38,0.0,Bird
133.43,18.09,0.04,24.37,40.45,0.0,Bird
591.04,44.85,4.12,84.89,76.5,111.27,Drone Swarm
419.75,24.69,0.22,50.13,59.64,29.43,Single Drone
121.15,27.89,0.23,49.41,51.76,43.54,Single Drone
159.83,15.96,0.01,26.62,41.94,0.0,Bird
60.93,22.53,0.01,15.44,39.77,0.0,Bird
185.86,8.7,0.02,16.95,41.78,0.0,Bird
25.46,18.47,0.02,28.58,38.2,0.0,Bird
127.44,24.26,0.01,27.29,39.0,0.0,Bird
181.22,12.33,0.05,21.86,40.71,0.0,Bird
223.53,22.23,1.62,93.34,72.47,78.96,Drone Swarm
43.71,7.62,0.03,21.15,37.24,0.0,Bird
880.35,23.56,5.12,102.33,77.88,92.53,Drone Swarm
777.05,41.31,0.3,50.05,63.68,20.74,Single Drone
681.5,33.14,0.1,46.09,54.52,40.5,Single Drone
950.3,29.86,0.28,45.22,63.18,59.04,Single Drone
791.05,31.98,0.11,57.67,52.62,23.55,Single Drone
317.22,22.4,0.29,49.4,59.98,20.81,Single Drone
160.25,31.9,5.26,81.35,81.46,86.98,Drone Swarm
36.48,16.6,0.03,28.77,39.12,0.0,Bird
71.41,6.52,0.05,22.34,37.08,0.0,Bird
669.67,24.2,0.28,44.29,52.3,58.36,Single Drone
248.31,36.36,2.35,105.46,75.88,119.39,Drone Swarm
894.55,11.03,0.44,56.67,53.55,43.6,Single Drone
73.63,21.01,1.93,85.42,93.49,106.83,Drone Swarm
192.63,19.32,0.01,16.49,37.4,0.0,Bird
487.31,25.38,3.97,95.49,73.0,110.45,Drone Swarm
900.93,40.59,2.05,80.6,96.72,88.1,Drone Swarm
18.83,21.58,0.04,22.65,38.8,0.0,Bird
890.27,10.58,4.45,106.58,90.65,105.7,Drone Swarm
294.85,31.85,4.93,89.4,81.44,107.19,Drone Swarm
552.22,30.25,0.11,40.94,56.43,20.04,Single Drone
332.98,20.88,1.56,77.64,80.48,98.01,Drone Swarm
344.0,28.61,0.38,47.61,55.98,37.93,Single Drone
629.2,26.97,0.34,46.95,46.99,45.1,Single Drone
176.69,23.64,0.02,15.0,38.58,0.0,Bird
965.5,10.72,0.29,60.44,60.53,21.58,Single Drone
110.63,11.02,0.04,26.57,40.47,0.0,Bird
160.4,11.32,0.02,25.29,37.49,0.0,Bird
138.74,17.34,0.04,23.1,37.88,0.0,Bird
374.97,43.1,0.26,46.81,53.19,40.52,Single Drone
32.33,12.88,0.05,15.51,39.01,0.0,Bird
182.77,17.52,0.01,18.07,40.1,0.0,Bird
131.14,8.34,0.04,10.31,40.03,0.0,Bird
434.72,31.83,0.29,46.18,57.32,58.22,Single Drone
896.43,16.84,0.34,57.98,45.19,26.62,Single Drone
198.09,7.11,0.04,27.7,39.11,0.0,Bird
120.78,5.71,0.03,15.02,38.54,0.0,Bird
81.36,16.19,0.03,27.1,38.04,0.0,Bird
909.83,24.87,5.96,100.91,90.39,82.29,Drone Swarm
56.06,7.93,0.03,14.69,39.6,0.0,Bird
664.34,29.22,3.31,93.94,80.28,117.31,Drone Swarm
96.67,21.6,4.24,108.75,70.87,73.7,Drone Swarm
142.25,14.83,0.03,14.13,39.26,0.0,Bird
306.08,22.09,4.4,102.54,77.47,94.92,Drone Swarm
879.16,12.64,3.56,91.97,73.43,102.61,Drone Swarm
262.7,41.96,5.61,80.09,85.43,77.84,Drone Swarm
50.15,27.1,1.97,91.33,75.41,99.55,Drone Swarm
472.34,16.14,0.33,56.88,55.74,44.9,Single Drone
612.13,15.08,0.26,48.05,51.33,25.63,Single Drone
429.53,38.59,2.27,109.0,85.03,109.24,Drone Swarm
62.94,22.35,0.04,19.09,40.9,0.0,Bird
647.3,47.75,0.47,51.73,58.73,51.05,Single Drone
763.59,15.09,5.43,105.68,81.95,87.47,Drone Swarm
669.9,33.22,2.54,78.06,78.74,100.84,Drone Swarm
567.76,31.5,4.86,89.86,74.73,82.74,Drone Swarm
78.88,19.36,1.91,81.54,97.1,86.9,Drone Swarm
406.92,30.06,5.82,96.73,82.02,100.57,Drone Swarm
189.15,18.67,0.04,14.01,39.97,0.0,Bird
705.35,25.82,3.11,79.45,71.17,101.09,Drone Swarm
95.96,17.04,0.04,26.17,40.7,0.0,Bird
334.45,12.28,0.12,62.91,60.7,34.05,Single Drone
276.78,38.02,4.16,90.14,81.04,109.77,Drone Swarm
785.99,26.24,2.04,98.37,92.33,114.5,Drone Swarm
954.65,22.8,0.2,42.25,61.62,25.11,Single Drone
86.14,24.69,0.03,12.12,38.57,0.0,Bird
20.71,21.06,0.01,29.36,39.86,0.0,Bird
469.22,21.49,3.12,92.1,82.2,110.23,Drone Swarm
37.17,14.09,0.03,21.62,40.39,0.0,Bird
985.69,16.53,4.44,89.96,90.0,115.45,Drone Swarm
205.44,29.08,0.29,55.5,50.31,38.06,Single Drone
17.47,22.6,0.04,21.43,38.7,0.0,Bird
123.51,13.68,0.05,14.68,41.23,0.0,Bird
943.82,30.74,1.54,92.0,71.6,104.34,Drone Swarm
117.98,8.02,0.03,13.23,40.07,0.0,Bird
130.0,16.91,0.2,54.49,63.77,23.07,Single Drone
445.87,40.8,2.47,102.99,86.7,102.6,Drone Swarm
636.33,38.55,0.21,48.14,47.15,55.75,Single Drone
145.16,24.39,4.26,86.7,98.18,118.83,Drone Swarm
197.04,16.21,0.01,22.46,41.81,0.0,Bird
586.57,28.59,3.3,89.25,94.14,86.81,Drone Swarm
53.03,10.2,0.04,13.21,39.66,0.0,Bird
122.08,13.47,0.02,24.5,41.49,0.0,Bird
430.34,31.25,0.45,47.94,56.76,32.6,Single Drone
33.69,10.3,0.04,14.53,37.07,0.0,Bird
742.8,16.05,5.93,101.64,73.54,98.86,Drone Swarm
41.59,17.72,0.02,11.01,37.93,0.0,Bird
61.95,11.15,0.05,25.19,41.57,0.0,Bird
99.07,25.84,0.43,53.57,47.21,31.55,Single Drone
687.23,40.56,0.17,67.33,49.93,50.08,Single Drone
174.74,20.6,0.03,24.47,37.76,0.0,Bird
61.05,16.76,0.04,22.07,39.33,0.0,Bird
482.79,47.54,0.13,57.72,57.76,27.81,Single Drone
199.41,8.95,0.02,21.24,37.71,0.0,Bird
43.32,16.96,0.04,29.49,39.01,0.0,Bird
146.78,14.53,0.44,69.88,53.84,34.31,Single Drone
351.1,11.51,4.88,83.79,97.15,76.84,Drone Swarm
790.63,17.54,1.96,100.17,95.15,95.11,Drone Swarm
724.9,18.02,0.31,66.17,46.94,28.1,Single Drone
329.61,24.9,5.46,94.45,89.81,91.84,Drone Swarm
52.33,21.85,3.12,103.52,98.43,80.51,Drone Swarm
476.62,24.1,0.1,64.49,56.53,58.88,Single Drone
87.39,48.07,0.14,42.13,55.77,32.66,Single Drone
939.94,25.23,1.8,96.25,97.23,101.07,Drone Swarm
17.75,5.13,0.04,25.29,38.57,0.0,Bird
757.09,12.24,5.55,104.54,95.26,77.73,Drone Swarm
865.41,12.82,0.36,55.61,63.19,34.42,Single Drone
294.14,31.97,1.89,91.06,88.96,96.37,Drone Swarm
424.76,27.62,0.37,65.75,54.77,40.11,Single Drone
194.16,41.23,0.48,57.68,52.68,27.75,Single Drone
227.41,26.56,4.54,107.5,73.11,105.72,Drone Swarm
87.06,19.52,0.37,42.69,51.24,28.99,Single Drone
182.02,23.18,0.03,15.39,39.21,0.0,Bird
335.03,23.68,2.93,82.14,84.58,78.58,Drone Swarm
44.57,8.3,0.04,23.52,37.74,0.0,Bird
773.8,29.41,0.21,61.26,61.93,25.12,Single Drone
172.73,16.57,0.05,18.5,39.99,0.0,Bird
798.47,38.96,1.75,92.64,97.61,90.65,Drone Swarm
373.87,32.92,1.75,93.34,98.16,91.36,Drone Swarm
123.4,21.84,0.05,18.52,37.2,0.0,Bird
749.23,27.95,0.3,59.72,52.35,55.56,Single Drone
936.31,11.76,5.34,105.62,75.6,99.4,Drone Swarm
195.14,12.6,0.05,13.93,38.31,0.0,Bird
569.15,32.23,0.46,48.5,45.95,28.33,Single Drone
114.26,13.52,0.04,13.21,37.53,0.0,Bird
105.66,34.69,2.2,106.12,71.64,87.12,Drone Swarm
62.93,11.47,0.01,21.42,40.92,0.0,Bird
84.69,10.48,0.03,17.09,40.2,0.0,Bird
83.36,7.63,0.01,22.73,40.33,0.0,Bird
196.21,12.82,0.05,26.76,38.52,0.0,Bird
164.0,17.28,5.41,105.16,78.74,119.7,Drone Swarm
660.02,26.97,2.84,77.71,85.71,98.19,Drone Swarm
427.98,16.11,3.36,108.79,75.78,119.67,Drone Swarm
22.48,19.57,0.02,26.67,41.44,0.0,Bird
12.06,21.11,0.02,29.95,37.71,0.0,Bird
154.01,47.38,0.36,55.81,50.56,48.67,Single Drone
282.42,11.45,0.26,43.18,47.09,33.93,Single Drone
194.2,8.47,0.01,26.03,40.4,0.0,Bird
973.25,43.7,0.42,64.51,61.21,52.92,Single Drone
602.05,17.6,5.47,96.44,78.54,79.96,Drone Swarm
90.83,15.05,0.03,20.49,38.79,0.0,Bird
174.57,21.98,0.04,10.24,39.04,0.0,Bird
69.8,16.25,2.66,89.51,97.76,84.85,Drone Swarm
977.79,13.62,0.47,59.92,63.66,26.39,Single Drone
646.35,17.42,1.61,106.31,83.91,84.01,Drone Swarm
95.2,23.73,0.05,21.32,39.45,0.0,Bird
42.94,12.61,0.04,14.75,38.81,0.0,Bird
197.12,18.21,0.02,23.84,37.84,0.0,Bird
163.25,10.85,0.13,66.53,57.24,29.08,Single Drone
158.18,7.6,0.03,17.85,40.09,0.0,Bird
27.86,5.2,0.01,27.65,37.29,0.0,Bird
105.5,9.6,0.01,22.16,39.78,0.0,Bird
724.64,17.62,3.03,108.93,92.77,98.91,Drone Swarm
64.09,43.59,2.84,95.14,99.56,85.6,Drone Swarm
109.32,9.41,0.03,29.54,37.07,0.0,Bird
495.57,11.97,0.39,62.88,53.13,55.83,Single Drone
766.66,14.56,5.33,89.4,83.6,84.94,Drone Swarm
876.21,15.16,0.18,60.62,61.28,45.95,Single Drone
31.29,6.62,0.02,13.47,37.24,0.0,Bird
482.63,12.88,0.12,55.17,61.98,57.98,Single Drone
583.54,41.4,1.56,108.47,90.48,91.77,Drone Swarm
941.54,24.02,5.48,99.16,77.7,91.57,Drone Swarm
92.33,36.78,2.26,81.33,81.9,83.54,Drone Swarm
873.71,44.28,0.2,68.71,45.45,39.67,Single Drone
415.29,36.56,0.37,44.69,60.62,34.6,Single Drone
182.44,24.9,0.04,15.17,38.48,0.0,Bird
582.0,29.82,5.86,84.86,74.06,113.55,Drone Swarm
17.77,22.88,0.02,23.23,38.35,0.0,Bird
649.1,43.47,0.2,46.91,49.85,27.31,Single Drone
998.85,24.38,0.38,53.24,53.57,21.15,Single Drone
50.18,15.42,0.04,19.36,41.29,0.0,Bird
111.19,24.32,0.03,22.23,38.25,0.0,Bird
194.87,12.95,0.02,14.83,38.82,0.0,Bird
435.2,24.22,0.38,57.68,59.87,39.12,Single Drone
207.22,42.15,0.2,65.18,50.73,55.44,Single Drone
830.75,13.14,0.16,48.61,46.23,31.87,Single Drone
53.56,18.76,0.01,26.42,37.0,0.0,Bird
830.4,28.39,0.31,45.28,47.77,34.57,Single Drone
372.73,36.76,3.71,92.77,78.93,99.37,Drone Swarm
303.71,29.26,1.99,75.06,94.9,74.18,Drone Swarm
496.74,24.48,5.44,82.37,74.72,86.8,Drone Swarm
192.81,24.99,0.03,13.59,40.38,0.0,Bird
601.4,16.29,2.59,93.98,77.11,71.04,Drone Swarm
162.07,32.55,0.15,69.28,59.04,53.88,Single Drone
172.62,47.13,0.49,43.24,55.44,37.29,Single Drone
980.45,42.88,2.14,93.73,82.72,106.35,Drone Swarm
87.95,45.27,0.37,48.1,50.49,36.39,Single Drone
462.8,23.49,0.26,41.76,58.74,26.69,Single Drone
133.87,8.27,0.01,13.59,39.72,0.0,Bird
168.16,23.88,0.05,16.14,40.49,0.0,Bird
417.8,38.53,4.94,82.3,98.01,104.84,Drone Swarm
27.33,5.83,0.04,25.25,40.0,0.0,Bird
189.28,31.74,0.22,46.69,52.66,51.95,Single Drone
273.28,12.19,0.31,50.17,57.31,28.1,Single Drone
430.62,36.12,4.6,97.36,92.58,111.13,Drone Swarm
949.73,43.95,4.05,77.79,87.58,99.72,Drone Swarm
56.07,8.05,0.04,10.8,40.31,0.0,Bird
942.93,43.75,0.4,51.94,45.47,34.42,Single Drone
594.13,40.25,0.28,64.81,54.67,42.87,Single Drone
147.89,20.3,0.05,11.25,41.71,0.0,Bird
42.74,6.59,0.03,21.05,38.16,0.0,Bird
705.09,33.17,5.03,94.27,72.98,94.66,Drone Swarm
353.67,35.16,4.48,96.09,82.22,89.78,Drone Swarm
281.89,31.3,2.93,77.65,95.29,70.84,Drone Swarm
740.93,44.72,4.01,96.63,78.65,94.66,Drone Swarm
197.58,9.87,0.04,11.42,37.98,0.0,Bird
223.75,43.44,4.93,98.58,94.33,105.29,Drone Swarm
128.2,22.26,0.03,29.79,40.79,0.0,Bird
439.97,42.42,5.79,104.84,71.53,110.72,Drone Swarm
299.29,44.1,0.12,45.73,46.72,48.83,Single Drone
56.74,19.15,0.39,67.92,50.4,57.16,Single Drone
567.56,12.54,0.36,43.52,51.46,39.04,Single Drone
486.38,36.77,0.31,53.91,63.88,41.19,Single Drone
539.23,34.34,4.0,107.76,73.89,79.01,Drone Swarm
64.85,16.44,0.04,10.23,39.41,0.0,Bird
581.76,31.85,0.24,53.69,45.78,24.03,Single Drone
458.39,37.52,5.35,76.14,76.13,114.88,Drone Swarm
188.64,10.54,0.03,26.44,39.86,0.0,Bird
84.56,14.0,0.05,23.24,39.56,0.0,Bird
66.07,39.17,0.48,56.99,55.85,48.9,Single Drone
476.59,47.46,0.23,59.21,49.11,49.93,Single Drone
28.46,16.64,0.03,27.91,39.0,0.0,Bird
154.84,31.4,5.16,105.4,72.9,114.73,Drone Swarm
463.23,36.74,4.4,101.53,96.92,112.27,Drone Swarm
342.09,27.08,4.46,103.21,97.53,109.5,Drone Swarm
704.2,27.13,3.44,80.22,95.3,95.81,Drone Swarm
165.24,14.05,0.16,64.18,53.51,46.89,Single Drone
530.68,43.99,2.33,103.21,79.53,94.81,Drone Swarm
100.45,5.52,0.03,17.95,39.14,0.0,Bird
145.42,41.8,1.85,107.87,88.26,73.52,Drone Swarm
73.69,12.64,0.02,19.55,38.0,0.0,Bird
122.16,12.53,4.01,107.64,70.59,83.12,Drone Swarm
348.05,37.65,1.73,106.04,86.6,81.73,Drone Swarm
12.16,18.79,0.03,20.01,40.46,0.0,Bird
151.75,7.13,0.03,22.72,41.98,0.0,Bird
394.97,26.34,4.04,109.54,91.59,87.25,Drone Swarm
362.4,33.9,2.81,108.4,76.96,97.23,Drone Swarm
142.38,12.82,0.04,18.65,37.36,0.0,Bird
606.92,46.03,0.3,64.95,46.69,23.68,Single Drone
825.25,30.46,0.18,61.61,48.25,34.54,Single Drone
723.05,16.03,5.69,82.16,95.51,88.43,Drone Swarm
528.93,40.86,0.27,40.01,46.77,38.12,Single Drone
149.92,20.49,0.05,29.39,39.72,0.0,Bird
895.47,16.35,5.35,97.93,91.02,104.13,Drone Swarm
127.81,24.19,0.03,13.69,37.05,0.0,Bird
646.32,25.14,3.97,80.95,72.6,97.35,Drone Swarm
129.06,10.72,0.46,58.68,51.08,36.12,Single Drone
189.76,19.52,0.02,11.4,41.07,0.0,Bird
81.73,42.57,3.13,101.44,73.0,72.67,Drone Swarm
703.38,11.91,0.27,53.45,48.15,51.75,Single Drone
780.73,37.12,2.66,108.32,96.61,88.06,Drone Swarm
375.19,20.24,3.32,105.09,96.72,101.13,Drone Swarm
802.61,26.38,3.86,95.58,70.72,111.35,Drone Swarm
82.71,43.46,0.4,48.95,46.52,29.7,Single Drone
53.44,16.35,0.04,12.94,38.07,0.0,Bird
747.42,20.56,4.71,102.4,95.99,108.93,Drone Swarm
506.53,32.0,0.32,65.8,51.54,20.47,Single Drone
290.2,49.0,0.21,63.76,57.68,43.5,Single Drone
750.56,46.23,0.35,64.12,49.29,45.23,Single Drone
734.43,28.09,0.44,55.31,49.43,25.75,Single Drone
297.11,25.2,2.49,93.84,90.59,82.89,Drone Swarm
846.42,10.04,2.77,87.63,91.29,104.01,Drone Swarm
203.38,42.98,0.3,54.03,60.23,48.19,Single Drone
82.66,49.94,0.35,40.68,54.21,50.57,Single Drone
370.12,23.13,3.99,77.64,78.31,105.21,Drone Swarm
105.86,32.39,4.08,87.09,97.9,84.85,Drone Swarm
171.82,20.89,4.01,78.46,77.46,119.7,Drone Swarm
718.88,44.23,5.7,108.29,79.66,103.5,Drone Swarm
208.18,20.13,0.49,61.3,46.38,44.57,Single Drone
984.53,44.71,0.32,53.24,57.22,37.11,Single Drone
143.18,5.6,0.03,17.78,38.4,0.0,Bird
142.73,13.59,0.27,46.44,49.09,38.23,Single Drone
14.62,14.46,0.02,29.2,40.83,0.0,Bird
187.65,37.65,2.39,89.82,86.93,70.8,Drone Swarm
24.63,8.08,0.05,22.27,39.88,0.0,Bird
181.84,21.54,4.7,81.75,81.26,109.49,Drone Swarm
111.8,19.87,0.04,20.05,38.9,0.0,Bird
64.44,5.66,0.03,28.04,38.73,0.0,Bird
171.72,7.35,0.04,22.11,38.7,0.0,Bird
729.35,38.78,4.95,89.66,86.53,110.89,Drone Swarm
509.68,21.93,0.34,56.7,54.84,55.66,Single Drone
141.86,48.66,0.48,42.24,53.08,44.76,Single Drone
54.12,13.32,0.03,10.14,38.16,0.0,Bird
811.75,20.34,0.2,43.81,55.02,51.54,Single Drone
553.74,22.83,4.9,81.91,80.67,87.25,Drone Swarm
590.75,26.55,0.11,42.69,64.97,41.67,Single Drone
743.28,43.48,5.38,83.42,90.98,116.38,Drone Swarm
161.89,20.31,0.02,11.67,41.88,0.0,Bird
130.13,9.49,0.02,23.68,38.37,0.0,Bird
174.72,47.85,0.35,47.57,55.88,35.66,Single Drone
500.59,38.29,0.2,45.78,56.79,49.0,Single Drone
992.04,44.47,0.22,41.62,58.68,41.07,Single Drone
189.91,36.03,5.95,76.34,88.68,99.1,Drone Swarm
133.35,18.02,0.05,13.12,39.6,0.0,Bird
899.24,42.35,0.11,55.26,52.03,32.38,Single Drone
752.6,32.49,0.46,47.4,50.93,34.53,Single Drone
154.71,22.62,0.02,11.28,41.26,0.0,Bird
930.26,49.11,0.27,63.31,63.16,46.05,Single Drone
610.29,26.23,2.84,104.51,79.57,112.17,Drone Swarm
85.59,13.06,0.01,17.6,41.81,0.0,Bird
348.53,12.94,3.89,95.78,74.49,86.39,Drone Swarm
646.63,34.8,0.48,60.15,50.27,43.41,Single Drone
132.64,24.36,0.01,22.33,40.51,0.0,Bird
997.9,31.46,4.81,87.73,87.27,86.57,Drone Swarm
100.11,41.03,0.47,53.3,46.42,26.46,Single Drone
987.57,34.95,5.02,81.8,79.77,103.52,Drone Swarm
15.97,6.16,0.05,11.85,40.16,0.0,Bird
142.24,17.87,0.02,23.23,37.89,0.0,Bird
733.28,13.97,0.42,52.32,51.11,20.33,Single Drone
55.31,13.2,5.97,91.01,89.23,112.12,Drone Swarm
176.59,14.52,0.02,18.68,37.49,0.0,Bird
962.71,26.71,0.31,69.04,46.17,56.2,Single Drone
198.11,20.95,0.03,20.16,41.42,0.0,Bird
276.81,49.87,0.27,43.45,57.52,58.1,Single Drone
556.54,20.52,3.28,99.56,94.08,106.12,Drone Swarm
76.35,22.43,0.03,20.11,37.93,0.0,Bird
406.56,21.49,0.11,43.79,54.3,20.23,Single Drone
613.97,30.01,3.8,87.57,98.02,112.52,Drone Swarm
698.54,32.53,0.35,69.46,57.09,28.4,Single Drone
36.13,15.83,0.03,23.7,38.53,0.0,Bird
143.52,24.92,2.61,107.24,77.14,106.72,Drone Swarm
103.41,10.15,0.04,27.78,39.21,0.0,Bird
87.93,44.98,0.46,57.54,52.56,26.73,Single Drone
836.78,20.74,0.5,59.77,54.38,50.69,Single Drone
182.23,20.21,0.04,18.05,38.96,0.0,Bird
532.5,39.3,4.09,102.02,95.11,101.69,Drone Swarm
125.1,23.39,0.02,11.0,39.3,0.0,Bird
129.59,21.36,0.02,13.07,37.81,0.0,Bird
703.77,13.59,5.48,99.04,78.08,117.24,Drone Swarm
61.44,9.27,0.05,13.64,37.66,0.0,Bird
440.59,22.81,0.34,53.25,48.78,56.12,Single Drone
96.83,31.55,5.87,102.44,80.04,102.18,Drone Swarm
156.74,17.66,0.01,21.27,40.99,0.0,Bird
717.64,24.01,4.12,103.68,78.17,94.48,Drone Swarm
406.48,25.99,5.9,84.41,87.67,100.3,Drone Swarm
152.05,20.39,0.02,25.14,37.18,0.0,Bird
340.11,13.54,3.57,96.99,92.59,90.12,Drone Swarm
642.44,38.37,3.52,89.31,72.88,73.81,Drone Swarm
53.73,35.37,2.52,109.48,85.45,96.2,Drone Swarm
576.14,44.59,3.97,82.6,90.93,110.65,Drone Swarm
206.34,29.32,0.3,69.59,45.61,29.2,Single Drone
39.14,8.0,0.04,14.29,37.53,0.0,Bird
758.78,22.21,4.45,98.19,87.07,111.51,Drone Swarm
380.43,48.75,0.32,56.95,64.41,35.77,Single Drone
193.66,5.65,0.04,18.24,37.6,0.0,Bird
95.92,10.86,0.01,14.42,39.52,0.0,Bird
917.16,42.09,0.26,48.5,52.86,22.92,Single Drone
165.03,29.61,3.59,96.47,82.05,85.71,Drone Swarm
97.88,9.02,0.01,10.01,38.66,0.0,Bird
18.61,12.42,0.02,14.05,39.77,0.0,Bird
143.37,7.85,0.04,16.67,37.63,0.0,Bird
152.08,22.64,0.11,59.77,63.76,48.27,Single Drone
299.36,27.07,4.97,106.26,98.08,84.58,Drone Swarm
34.24,23.74,0.03,14.09,37.84,0.0,Bird
768.38,24.03,0.3,56.73,53.05,42.82,Single Drone
120.31,23.56,0.04,28.67,37.2,0.0,Bird
159.78,20.84,3.54,91.25,83.9,94.17,Drone Swarm
795.22,43.18,1.54,95.68,73.34,72.17,Drone Swarm
423.12,32.97,5.56,79.52,70.36,74.0,Drone Swarm
911.64,46.13,0.44,61.71,56.1,24.65,Single Drone
510.25,44.1,4.54,82.59,93.19,92.06,Drone Swarm
123.06,10.19,0.04,17.49,37.62,0.0,Bird
189.98,8.54,0.02,22.99,41.89,0.0,Bird
62.61,18.24,0.02,26.9,41.38,0.0,Bird
59.34,38.56,0.26,66.2,63.36,48.56,Single Drone
831.85,49.57,0.46,63.19,52.98,51.77,Single Drone
184.01,44.52,5.68,91.5,81.23,116.23,Drone Swarm
731.4,40.28,0.21,49.99,54.85,30.67,Single Drone
54.41,42.91,3.41,97.78,70.23,85.85,Drone Swarm
821.63,20.13,5.15,101.63,73.06,77.78,Drone Swarm
137.6,16.0,0.03,19.69,40.25,0.0,Bird
184.47,31.59,4.54,76.8,97.24,118.39,Drone Swarm
772.03,31.63,0.38,65.45,59.83,56.11,Single Drone
108.48,14.1,0.03,10.36,38.94,0.0,Bird
485.01,23.18,0.46,53.5,54.21,45.91,Single Drone
617.75,21.45,4.4,87.32,97.55,117.95,Drone Swarm
103.79,15.24,0.31,61.28,58.94,43.09,Single Drone
40.96,19.51,0.04,20.14,41.79,0.0,Bird
542.11,11.41,0.17,47.5,59.82,30.97,Single Drone
10.96,10.47,0.02,18.78,37.43,0.0,Bird
25.53,11.49,0.04,25.95,37.55,0.0,Bird
955.16,19.56,2.37,108.48,76.78,84.07,Drone Swarm
989.87,33.08,3.58,106.33,70.8,112.64,Drone Swarm
590.84,18.87,0.19,45.1,64.12,31.92,Single Drone
408.14,14.09,0.4,41.91,56.04,20.58,Single Drone
516.08,36.43,3.69,103.66,71.0,95.2,Drone Swarm
174.76,10.84,5.28,86.41,72.31,108.92,Drone Swarm
47.24,13.04,0.03,11.54,37.2,0.0,Bird
597.92,12.27,1.92,89.42,91.68,91.59,Drone Swarm
169.39,20.29,0.04,19.16,41.27,0.0,Bird
301.92,25.74,5.32,77.44,81.36,96.87,Drone Swarm
50.46,9.74,0.04,26.45,38.44,0.0,Bird
866.55,36.45,2.45,87.08,74.26,93.96,Drone Swarm
129.92,13.19,0.02,14.45,37.95,0.0,Bird
368.46,40.24,4.17,97.07,75.58,75.82,Drone Swarm
451.8,13.02,0.47,62.61,54.25,29.24,Single Drone
79.25,13.7,3.62,84.03,72.37,77.87,Drone Swarm
325.24,43.64,0.31,60.21,53.97,49.16,Single Drone
529.41,25.15,0.24,42.91,59.69,51.98,Single Drone
753.63,22.2,0.27,52.45,60.03,52.29,Single Drone
974.85,28.08,2.16,88.98,83.32,88.8,Drone Swarm
971.33,44.95,0.28,65.65,61.92,31.66,Single Drone
56.2,24.84,0.04,18.06,40.45,0.0,Bird
130.72,25.77,0.29,60.8,51.3,36.39,Single Drone
163.88,9.32,0.02,15.55,37.98,0.0,Bird
20.94,24.73,0.02,26.74,38.58,0.0,Bird
197.51,10.74,0.02,23.52,41.23,0.0,Bird
859.6,43.95,3.68,109.84,78.15,72.3,Drone Swarm
858.87,30.31,2.63,80.29,97.07,103.08,Drone Swarm
214.02,19.48,4.82,86.85,96.76,112.77,Drone Swarm
232.28,11.52,4.42,76.42,92.02,81.93,Drone Swarm
236.4,16.98,1.66,78.63,77.96,103.09,Drone Swarm
288.2,42.03,2.1,76.49,81.95,97.15,Drone Swarm
88.01,14.8,2.26,89.7,83.71,104.51,Drone Swarm
62.07,6.17,0.02,25.15,38.71,0.0,Bird
45.06,14.3,0.04,23.46,41.29,0.0,Bird
861.84,31.14,2.71,90.18,88.27,75.58,Drone Swarm
751.62,19.74,0.15,60.32,59.78,48.7,Single Drone
368.01,44.2,4.02,86.36,88.53,80.16,Drone Swarm
586.2,41.56,0.33,47.37,52.28,55.11,Single Drone
222.68,42.31,0.48,62.0,54.27,37.27,Single Drone
667.68,46.8,0.33,60.33,59.36,59.06,Single Drone
786.87,31.47,4.51,76.01,78.0,107.32,Drone Swarm
399.96,35.43,3.42,81.64,91.51,88.0,Drone Swarm
403.44,21.12,0.12,61.12,45.16,49.82,Single Drone
161.2,14.98,0.01,25.83,38.96,0.0,Bird
530.63,12.21,0.25,47.58,64.09,34.76,Single Drone
517.4,10.4,0.15,69.17,63.58,32.72,Single Drone
967.5,17.49,4.3,99.13,97.61,110.41,Drone Swarm
138.66,16.73,3.59,81.12,98.24,71.86,Drone Swarm
593.54,41.75,2.49,83.79,72.14,108.13,Drone Swarm
116.58,22.68,0.05,20.11,41.43,0.0,Bird
104.69,21.24,0.03,19.18,39.74,0.0,Bird
56.62,21.8,0.02,10.57,38.46,0.0,Bird
136.84,10.48,0.02,14.6,40.73,0.0,Bird
640.79,37.36,4.18,80.93,77.14,77.9,Drone Swarm
119.49,12.07,0.05,26.37,41.55,0.0,Bird
344.43,36.7,5.72,86.03,70.82,91.58,Drone Swarm
609.81,41.78,3.21,90.85,79.94,70.38,Drone Swarm
345.84,12.05,1.88,87.02,92.15,92.07,Drone Swarm
26.12,24.4,0.03,16.84,41.37,0.0,Bird
190.46,17.16,0.04,26.95,39.92,0.0,Bird
156.54,12.69,0.02,28.93,39.15,0.0,Bird
419.67,39.86,1.54,94.66,76.35,109.5,Drone Swarm
104.7,19.17,0.03,29.99,37.84,0.0,Bird
194.28,12.03,0.02,15.37,41.45,0.0,Bird
679.2,25.34,0.48,55.42,48.73,57.48,Single Drone
73.57,22.31,2.17,107.41,74.02,104.46,Drone Swarm
500.71,48.64,0.44,45.57,57.94,44.49,Single Drone
92.02,6.75,0.04,10.61,38.92,0.0,Bird
591.22,37.73,2.67,90.64,91.39,86.6,Drone Swarm
551.78,28.4,0.26,54.12,45.68,42.51,Single Drone
440.56,20.49,0.27,40.35,53.03,33.1,Single Drone
691.47,44.6,0.16,52.38,48.24,53.08,Single Drone
145.54,20.12,0.04,25.01,37.6,0.0,Bird
165.44,24.92,5.43,95.94,79.0,92.53,Drone Swarm
356.67,46.61,0.23,57.89,57.18,40.52,Single Drone
172.49,33.57,2.75,82.04,78.21,71.79,Drone Swarm
96.36,15.89,0.05,15.54,39.77,0.0,Bird
689.75,35.97,0.45,44.93,64.99,36.81,Single Drone
715.82,31.79,0.18,59.9,54.22,39.68,Single Drone
460.42,41.58,4.0,103.97,76.41,95.49,Drone Swarm
597.97,38.37,0.22,41.56,49.52,50.29,Single Drone
144.19,9.04,0.03,28.56,41.96,0.0,Bird
338.55,27.51,0.47,60.75,50.44,27.82,Single Drone
471.72,18.12,4.9,104.09,87.91,104.63,Drone Swarm
16.94,20.1,0.02,17.09,37.73,0.0,Bird
92.36,43.4,0.19,56.6,63.2,34.28,Single Drone
70.95,21.64,0.04,28.54,38.2,0.0,Bird
71.81,17.55,0.03,29.03,41.96,0.0,Bird
161.89,18.02,0.01,12.86,37.31,0.0,Bird
164.45,11.23,0.04,15.57,38.34,0.0,Bird
599.99,44.44,1.88,93.84,80.03,100.66,Drone Swarm
45.12,5.43,0.01,15.29,38.01,0.0,Bird
995.86,28.62,0.46,49.59,63.72,44.01,Single Drone
721.27,42.71,0.42,53.45,52.34,49.16,Single Drone
117.32,21.84,0.01,18.06,41.59,0.0,Bird
355.96,31.88,0.13,58.53,61.26,29.61,Single Drone
113.87,22.4,0.03,17.95,41.25,0.0,Bird
148.86,9.78,0.01,15.22,41.6,0.0,Bird
60.42,33.9,1.79,75.3,74.49,82.57,Drone Swarm
120.27,19.98,1.51,87.99,93.23,89.78,Drone Swarm
500.65,11.16,3.01,76.41,94.24,89.51,Drone Swarm
264.5,43.44,0.33,63.5,53.04,53.36,Single Drone
107.22,18.3,0.01,19.17,41.01,0.0,Bird
914.12,28.43,0.36,53.88,51.21,34.02,Single Drone
429.18,44.62,4.04,78.99,84.05,89.03,Drone Swarm
952.46,26.48,3.63,78.12,87.82,104.2,Drone Swarm
250.42,32.11,0.18,53.5,59.51,31.49,Single Drone
159.18,14.48,0.02,17.48,41.12,0.0,Bird
480.36,18.3,4.75,102.16,80.84,104.27,Drone Swarm
171.35,10.47,0.01,24.65,38.26,0.0,Bird
768.79,24.94,4.44,75.59,71.95,96.09,Drone Swarm
161.68,9.84,0.04,26.87,39.01,0.0,Bird
220.65,12.72,2.06,96.24,88.01,73.36,Drone Swarm
821.05,33.7,0.24,40.09,47.24,30.06,Single Drone
56.99,43.73,0.29,56.44,52.34,43.22,Single Drone
973.94,44.18,0.46,67.22,52.94,30.16,Single Drone
94.74,10.64,0.04,13.23,39.99,0.0,Bird
778.66,31.05,5.79,87.23,91.32,92.59,Drone Swarm
132.22,9.21,0.03,15.44,40.02,0.0,Bird
421.37,26.23,0.26,51.46,62.43,34.81,Single Drone
524.02,13.34,0.23,54.3,61.37,39.21,Single Drone
321.83,42.31,0.32,44.08,58.96,28.6,Single Drone
206.44,21.99,3.38,85.73,85.76,102.34,Drone Swarm
754.6,13.55,0.13,45.91,50.75,57.47,Single Drone
615.64,16.26,0.28,41.26,45.3,58.66,Single Drone
320.95,20.79,0.31,52.25,51.52,23.77,Single Drone
250.93,26.65,0.43,67.99,61.96,43.5,Single Drone
960.93,33.09,0.36,62.4,52.4,28.94,Single Drone
447.45,35.84,5.99,79.19,73.25,83.58,Drone Swarm
51.01,7.09,0.01,11.48,37.76,0.0,Bird
963.96,20.78,0.25,58.15,52.36,22.14,Single Drone
183.72,21.5,0.03,13.2,39.84,0.0,Bird
188.69,22.37,0.04,18.32,40.38,0.0,Bird
693.03,45.27,0.18,41.92,59.02,45.67,Single Drone
103.6,16.89,0.03,17.23,40.91,0.0,Bird
790.96,30.11,5.65,90.84,98.02,88.15,Drone Swarm
92.62,42.78,0.46,50.18,48.32,55.0,Single Drone
968.23,19.72,0.24,63.57,52.73,26.66,Single Drone
927.54,42.29,0.32,48.52,47.51,45.36,Single Drone
658.42,19.85,0.45,54.93,52.76,28.18,Single Drone
105.6,22.34,0.04,14.3,40.92,0.0,Bird
206.42,18.7,2.93,90.18,93.38,96.22,Drone Swarm
334.93,41.94,0.48,66.14,46.86,47.16,Single Drone
128.91,5.8,0.01,14.83,40.16,0.0,Bird
158.27,49.23,0.41,53.72,55.59,49.59,Single Drone
947.8,33.8,3.99,95.99,77.31,72.73,Drone Swarm
72.22,17.47,0.04,19.33,37.66,0.0,Bird
145.06,32.98,4.31,90.21,86.97,76.56,Drone Swarm
49.22,20.77,0.04,12.0,40.97,0.0,Bird
114.64,47.95,0.47,48.11,59.71,58.96,Single Drone
78.99,11.11,0.04,20.21,39.74,0.0,Bird
151.29,36.41,4.84,93.93,82.27,77.44,Drone Swarm
524.25,44.25,5.69,102.68,87.64,111.5,Drone Swarm
707.13,35.77,0.35,61.08,45.38,50.92,Single Drone
702.05,14.78,5.3,106.71,88.9,78.46,Drone Swarm
139.03,21.52,0.03,18.6,38.26,0.0,Bird
629.84,41.47,0.29,40.01,64.24,52.85,Single Drone
971.57,49.06,0.39,54.99,63.87,30.52,Single Drone
391.23,23.81,3.52,82.65,70.78,71.52,Drone Swarm
440.57,42.48,0.25,53.87,63.77,44.89,Single Drone
95.6,8.63,0.04,23.48,37.41,0.0,Bird
367.72,42.59,0.18,66.11,64.06,50.29,Single Drone
151.8,42.23,2.78,88.1,89.31,112.54,Drone Swarm
477.62,36.28,4.05,103.88,89.68,80.1,Drone Swarm
414.59,18.14,5.35,75.83,72.66,86.91,Drone Swarm
866.22,37.76,3.27,88.04,84.09,97.15,Drone Swarm
843.06,29.15,3.95,99.94,83.48,100.43,Drone Swarm
38.98,19.75,0.05,28.77,37.35,0.0,Bird
120.84,17.73,0.05,21.54,41.38,0.0,Bird
298.07,35.28,4.34,81.75,78.56,109.13,Drone Swarm
595.71,31.82,3.42,75.91,86.04,75.48,Drone Swarm
97.78,6.33,0.05,12.37,39.46,0.0,Bird
604.64,24.47,2.34,87.15,85.42,84.02,Drone Swarm
251.75,29.3,2.56,95.48,92.22,106.47,Drone Swarm
290.99,39.67,2.31,102.04,84.06,119.5,Drone Swarm
76.28,6.16,0.01,29.8,39.56,0.0,Bird
125.28,10.93,0.05,29.67,37.95,0.0,Bird
692.25,25.71,2.22,92.52,85.12,96.1,Drone Swarm
156.21,31.72,3.67,105.95,78.78,116.11,Drone Swarm
30.91,21.19,0.03,19.18,41.5,0.0,Bird
648.2,23.35,0.2,41.22,64.73,51.06,Single Drone
949.92,36.74,5.46,77.44,90.88,119.64,Drone Swarm
379.42,10.52,4.25,85.11,92.85,104.86,Drone Swarm
163.18,16.16,0.04,25.92,38.51,0.0,Bird
83.95,21.88,0.02,27.16,41.74,0.0,Bird
768.63,38.93,0.28,51.55,57.1,29.27,Single Drone
924.51,14.27,0.16,53.47,45.61,40.14,Single Drone
65.23,13.1,0.16,51.21,50.37,38.41,Single Drone
768.52,30.87,3.2,103.31,73.92,118.32,Drone Swarm
24.77,14.27,0.04,27.72,37.67,0.0,Bird
926.51,23.33,0.31,47.71,62.05,21.51,Single Drone
150.2,11.74,0.05,25.03,41.75,0.0,Bird
42.91,22.37,0.01,22.65,41.1,0.0,Bird
155.01,38.39,1.66,109.41,87.93,72.9,Drone Swarm
690.49,11.38,1.6,108.21,75.48,117.79,Drone Swarm
57.84,14.23,0.05,10.22,39.78,0.0,Bird
982.31,22.44,5.31,101.94,83.54,82.72,Drone Swarm
26.22,19.13,0.02,26.08,39.98,0.0,Bird
279.58,37.44,0.25,67.04,45.39,41.01,Single Drone
461.42,19.97,4.29,93.31,84.63,91.01,Drone Swarm
131.11,15.83,0.02,16.42,39.93,0.0,Bird
678.28,36.03,0.45,63.78,47.01,33.31,Single Drone
471.46,38.4,1.63,107.95,87.12,79.14,Drone Swarm
692.39,20.05,0.39,56.12,63.9,37.28,Single Drone
29.34,24.84,0.03,21.02,41.15,0.0,Bird
271.24,41.61,0.13,52.84,64.34,49.02,Single Drone
134.95,24.02,0.04,20.3,38.54,0.0,Bird
466.14,42.31,0.46,48.31,56.91,53.53,Single Drone
941.27,15.43,0.3,55.6,64.08,26.82,Single Drone
256.58,17.65,0.5,44.25,50.13,38.37,Single Drone
25.87,18.66,0.02,11.07,40.65,0.0,Bird
611.68,18.48,5.76,97.82,86.88,93.61,Drone Swarm
355.3,12.86,1.99,83.82,86.39,79.1,Drone Swarm
69.09,23.89,0.03,24.02,38.09,0.0,Bird
115.29,11.68,0.03,27.96,39.17,0.0,Bird
124.6,13.2,0.02,17.86,38.02,0.0,Bird
136.07,13.64,0.04,10.65,41.77,0.0,Bird
128.44,48.03,0.19,43.78,60.1,36.56,Single Drone
266.41,28.46,4.36,85.66,94.9,96.46,Drone Swarm
233.16,44.51,1.99,109.85,88.45,84.54,Drone Swarm
792.69,46.49,0.34,62.31,62.47,38.59,Single Drone
15.8,12.94,0.03,11.34,39.7,0.0,Bird
271.37,17.19,0.24,56.97,48.95,50.14,Single Drone
843.23,40.44,0.35,52.17,57.91,50.0,Single Drone
32.92,6.39,0.01,14.37,40.76,0.0,Bird
444.93,36.5,3.39,106.09,71.24,113.27,Drone Swarm
65.95,22.72,0.04,24.57,38.64,0.0,Bird
729.89,12.25,2.15,81.68,99.33,94.46,Drone Swarm
219.32,27.52,2.9,109.57,78.05,87.5,Drone Swarm
744.78,36.0,2.98,99.11,90.08,93.6,Drone Swarm
933.9,21.61,5.0,90.47,71.05,105.2,Drone Swarm
10.88,7.43,0.02,17.25,38.44,0.0,Bird
864.71,31.19,3.49,82.52,95.09,81.88,Drone Swarm
423.95,35.93,0.12,61.61,63.27,34.95,Single Drone
289.71,22.11,0.24,47.12,61.0,59.28,Single Drone
92.07,23.31,0.01,11.37,38.49,0.0,Bird
188.79,28.14,0.42,46.92,64.9,49.96,Single Drone
876.06,26.09,0.25,49.16,60.84,21.14,Single Drone
443.37,37.25,1.79,100.25,85.82,70.01,Drone Swarm
700.49,22.69,0.3,42.64,54.46,56.18,Single Drone
138.37,19.23,0.27,66.5,48.39,20.45,Single Drone
279.52,40.67,0.22,69.58,61.88,53.55,Single Drone
880.54,11.85,1.95,106.1,86.31,100.22,Drone Swarm
152.75,31.51,2.88,82.93,99.8,101.43,Drone Swarm
978.58,28.33,0.48,55.93,48.25,35.08,Single Drone
940.29,25.3,1.65,103.79,90.12,119.84,Drone Swarm
83.75,23.25,0.01,25.92,37.3,0.0,Bird
192.4,42.34,2.26,92.51,70.02,89.08,Drone Swarm
732.52,12.6,2.52,81.54,77.35,107.84,Drone Swarm
934.14,16.19,0.3,54.56,52.58,21.86,Single Drone
85.72,19.85,0.05,19.48,39.94,0.0,Bird
140.8,19.56,0.01,11.91,40.64,0.0,Bird
243.79,14.82,0.2,42.57,54.08,47.26,Single Drone
948.43,42.95,0.28,52.8,49.53,50.48,Single Drone
149.43,40.89,0.32,49.4,60.4,47.15,Single Drone
384.81,15.8,4.74,105.84,94.28,117.36,Drone Swarm
281.65,21.88,4.51,90.31,90.63,118.64,Drone Swarm
171.93,38.27,0.17,42.1,51.74,56.04,Single Drone
71.78,14.35,0.03,23.6,37.3,0.0,Bird
822.45,32.64,5.88,91.58,77.19,84.08,Drone Swarm
45.45,7.33,0.04,10.5,40.36,0.0,Bird
236.66,28.2,0.3,60.31,50.07,40.13,Single Drone
11.32,12.45,0.05,29.03,38.48,0.0,Bird
838.44,23.61,0.46,40.13,49.2,31.24,Single Drone
666.25,30.49,0.4,49.11,52.1,51.36,Single Drone
172.58,13.03,0.04,20.63,37.28,0.0,Bird
254.71,33.81,4.18,109.77,93.28,98.37,Drone Swarm
71.36,21.03,0.03,11.37,40.15,0.0,Bird
176.72,10.16,0.03,15.19,39.83,0.0,Bird
460.46,46.74,0.45,55.35,64.91,30.22,Single Drone
287.26,22.0,0.21,68.01,57.02,53.87,Single Drone
93.89,5.1,0.01,21.27,38.18,0.0,Bird
98.1,17.07,0.03,23.18,40.68,0.0,Bird
73.41,24.25,0.46,56.26,51.81,48.2,Single Drone
55.37,16.1,2.64,87.72,83.76,72.13,Drone Swarm
277.04,11.22,5.5,104.45,92.07,96.29,Drone Swarm
968.37,16.96,0.47,69.36,57.67,30.12,Single Drone
177.71,45.25,0.49,65.24,63.04,59.13,Single Drone
105.29,7.1,0.03,26.43,39.91,0.0,Bird
179.15,13.97,0.03,18.47,39.82,0.0,Bird
400.29,37.09,0.43,65.54,60.13,48.1,Single Drone
71.5,8.5,0.03,26.54,38.85,0.0,Bird
176.71,21.54,3.33,88.45,93.28,96.28,Drone Swarm
489.37,21.68,5.89,92.84,83.16,92.62,Drone Swarm
526.85,31.77,0.15,40.73,58.97,39.02,Single Drone
910.22,11.81,2.79,102.71,94.58,107.44,Drone Swarm
828.21,36.75,5.75,94.7,81.79,73.49,Drone Swarm
580.26,43.87,0.46,54.42,49.4,41.07,Single Drone
179.59,10.31,0.01,14.97,37.72,0.0,Bird
700.21,33.19,0.21,55.45,62.15,34.38,Single Drone
239.74,36.78,5.81,99.13,92.26,102.34,Drone Swarm
74.22,19.05,0.02,13.67,40.67,0.0,Bird
99.16,21.33,2.72,103.98,94.63,117.52,Drone Swarm
587.53,13.7,4.85,108.66,95.04,118.51,Drone Swarm
587.02,24.7,1.75,75.61,86.55,78.86,Drone Swarm
834.94,20.85,5.63,109.94,86.39,76.01,Drone Swarm
917.57,22.75,0.3,42.84,45.12,49.1,Single Drone
168.99,24.64,0.33,65.84,48.42,46.45,Single Drone
931.81,26.56,2.99,87.3,90.12,116.85,Drone Swarm
147.96,19.18,0.05,14.4,41.14,0.0,Bird
879.86,46.38,0.43,40.57,47.31,25.15,Single Drone
210.7,31.62,0.49,48.46,61.71,51.45,Single Drone
521.05,26.92,3.01,100.18,93.93,104.78,Drone Swarm
190.41,6.91,0.04,17.43,38.56,0.0,Bird
274.88,13.32,0.11,44.02,55.34,44.89,Single Drone
109.88,19.75,2.09,102.53,87.68,103.93,Drone Swarm
97.43,17.06,4.21,106.11,91.93,115.17,Drone Swarm
349.85,46.62,0.17,57.12,50.29,23.29,Single Drone
805.35,21.42,0.1,52.11,56.46,33.64,Single Drone
192.6,17.26,0.05,18.15,37.22,0.0,Bird
234.23,20.42,2.91,92.54,88.25,115.29,Drone Swarm
65.78,10.83,0.03,23.77,41.7,0.0,Bird
57.96,14.01,0.03,22.55,39.55,0.0,Bird
620.55,19.35,0.33,43.28,61.67,55.8,Single Drone
98.46,6.76,0.05,17.76,41.36,0.0,Bird
724.87,27.82,2.27,108.56,86.07,75.08,Drone Swarm
19.82,5.63,0.04,18.67,37.4,0.0,Bird
176.62,12.09,0.43,45.57,55.89,24.86,Single Drone
986.87,12.08,0.12,52.06,61.57,50.3,Single Drone
113.11,19.75,0.04,15.35,37.51,0.0,Bird
703.58,15.47,3.66,76.11,94.07,118.7,Drone Swarm
147.23,6.98,0.02,25.05,38.58,0.0,Bird
113.92,19.29,0.25,43.82,60.22,34.14,Single Drone
386.36,18.94,0.16,62.3,59.96,54.09,Single Drone
597.66,39.65,0.31,45.12,58.91,27.14,Single Drone
161.01,22.88,0.04,20.38,40.51,0.0,Bird
164.62,11.82,0.05,10.6,37.03,0.0,Bird
875.87,20.11,2.76,101.95,86.44,103.69,Drone Swarm
746.5,10.29,0.23,64.9,47.25,43.13,Single Drone
119.03,33.81,0.24,45.39,54.52,30.67,Single Drone
737.93,14.71,3.92,79.42,79.21,89.15,Drone Swarm
876.17,16.29,0.24,57.05,57.6,39.06,Single Drone
183.82,7.56,0.05,28.65,38.89,0.0,Bird
932.13,17.64,0.31,55.39,52.11,52.11,Single Drone
23.53,9.94,0.04,26.3,39.56,0.0,Bird
323.14,11.5,0.3,65.57,62.53,24.28,Single Drone
659.54,13.89,2.5,104.03,92.96,89.9,Drone Swarm
306.15,47.55,0.24,54.87,46.78,28.8,Single Drone
825.16,28.57,0.23,69.76,58.52,57.69,Single Drone
916.02,24.53,5.38,81.29,76.77,98.59,Drone Swarm
188.57,9.3,0.04,28.18,39.22,0.0,Bird
30.5,12.0,0.03,18.67,37.14,0.0,Bird
184.31,27.11,0.4,51.66,59.72,55.51,Single Drone
39.5,5.86,0.03,18.26,38.78,0.0,Bird
122.16,11.11,0.02,10.79,41.42,0.0,Bird
389.13,44.27,2.32,109.36,76.09,89.0,Drone Swarm
174.3,15.78,0.05,18.79,37.9,0.0,Bird
111.2,12.99,0.05,28.41,38.64,0.0,Bird
135.4,23.74,0.05,20.71,40.16,0.0,Bird
395.23,21.89,0.25,68.08,45.0,54.99,Single Drone
240.87,34.07,0.35,57.89,64.52,57.86,Single Drone
168.64,16.23,0.04,13.62,38.71,0.0,Bird
529.28,31.2,0.17,45.12,51.01,48.32,Single Drone
60.64,41.19,2.49,101.46,93.57,86.28,Drone Swarm
624.82,27.53,4.8,85.44,70.4,96.32,Drone Swarm
479.94,28.48,4.46,90.04,74.59,109.79,Drone Swarm
191.91,34.86,0.14,67.96,49.34,42.56,Single Drone
79.21,21.01,0.02,15.71,37.91,0.0,Bird
113.68,27.28,4.19,93.81,90.41,73.44,Drone Swarm
55.52,21.74,0.02,14.97,37.0,0.0,Bird
896.58,38.54,0.35,49.88,46.76,53.16,Single Drone
631.7,36.72,4.51,91.57,87.21,116.17,Drone Swarm
164.77,17.48,0.03,29.36,37.34,0.0,Bird
592.31,17.6,0.21,54.59,64.52,36.68,Single Drone
679.12,46.83,0.5,55.62,49.84,23.64,Single Drone
61.68,39.89,2.08,82.85,87.29,115.31,Drone Swarm
79.61,24.42,0.01,16.65,41.13,0.0,Bird
388.96,31.86,5.44,98.92,83.75,71.72,Drone Swarm
55.15,22.44,0.03,26.49,41.79,0.0,Bird
96.12,18.12,0.02,22.24,41.04,0.0,Bird
44.47,20.22,0.01,28.3,37.62,0.0,Bird
628.25,18.18,5.87,104.26,77.56,95.57,Drone Swarm
445.27,11.98,4.94,104.36,75.18,82.95,Drone Swarm
164.43,22.36,0.03,29.62,39.05,0.0,Bird
138.76,15.95,3.43,87.84,77.57,113.78,Drone Swarm
36.46,24.52,0.05,15.43,41.31,0.0,Bird
161.97,12.11,0.02,15.32,41.4,0.0,Bird
140.24,27.61,2.42,109.99,96.52,84.74,Drone Swarm
778.29,44.28,2.4,85.16,75.59,97.11,Drone Swarm
24.91,22.9,0.04,23.13,41.7,0.0,Bird
108.86,5.87,0.03,16.05,40.34,0.0,Bird
374.49,40.53,0.16,65.92,50.07,47.21,Single Drone
398.34,34.62,0.34,59.29,52.6,30.07,Single Drone
108.1,19.28,0.01,17.45,39.38,0.0,Bird
113.1,12.01,0.02,26.07,39.88,0.0,Bird
31.82,12.35,0.05,16.9,39.2,0.0,Bird
161.09,11.79,0.01,17.39,41.14,0.0,Bird
622.76,25.11,4.57,80.19,93.48,114.19,Drone Swarm
128.61,7.74,0.04,27.69,41.01,0.0,Bird
539.77,13.54,2.64,90.52,90.39,70.61,Drone Swarm
399.84,45.76,0.27,44.58,58.8,30.98,Single Drone
59.29,11.54,0.02,21.46,40.71,0.0,Bird
244.04,40.69,0.12,57.55,53.46,34.98,Single Drone
454.16,20.95,1.88,107.75,96.67,73.66,Drone Swarm
968.29,23.16,0.37,40.11,49.65,30.77,Single Drone
568.72,12.6,4.71,100.05,81.7,74.85,Drone Swarm
136.1,5.48,0.03,29.48,39.38,0.0,Bird
50.34,5.79,0.02,17.06,37.97,0.0,Bird
87.66,21.81,0.03,26.55,38.19,0.0,Bird
95.66,8.48,0.03,11.01,38.23,0.0,Bird
695.84,23.57,5.86,79.92,93.84,72.41,Drone Swarm
18.59,8.92,0.04,27.05,39.75,0.0,Bird
143.83,44.02,2.13,82.87,79.22,108.93,Drone Swarm
27.34,22.37,0.03,10.81,39.77,0.0,Bird
923.55,24.61,5.97,89.97,73.83,111.93,Drone Swarm
310.91,38.82,2.34,77.87,89.25,105.96,Drone Swarm
800.42,31.39,3.29,84.75,87.24,76.03,Drone Swarm
104.52,35.13,0.49,56.54,63.55,41.82,Single Drone
173.36,26.72,0.4,53.47,56.25,57.38,Single Drone
123.12,44.78,0.23,52.54,58.99,41.46,Single Drone
129.5,24.39,0.05,10.62,39.87,0.0,Bird
799.87,36.56,3.24,94.7,72.1,93.6,Drone Swarm
683.88,31.49,5.71,108.94,85.33,115.48,Drone Swarm
915.56,26.25,0.33,45.4,46.43,31.63,Single Drone
811.15,16.07,2.12,93.17,78.97,71.45,Drone Swarm
114.86,21.38,0.04,21.61,37.77,0.0,Bird
27.8,13.65,0.01,11.67,41.49,0.0,Bird
851.79,12.09,0.43,42.49,50.78,43.56,Single Drone
429.33,32.98,2.37,90.39,97.28,104.1,Drone Swarm
124.21,9.99,0.01,23.48,40.4,0.0,Bird
362.91,30.69,0.37,42.56,64.58,31.79,Single Drone
87.7,15.53,0.02,19.68,40.61,0.0,Bird
178.66,24.04,0.05,22.49,37.48,0.0,Bird
63.31,22.13,0.41,60.9,56.16,28.55,Single Drone
57.37,8.48,0.02,18.69,40.32,0.0,Bird
927.87,31.85,4.37,82.31,95.46,97.24,Drone Swarm
104.48,18.56,0.04,21.69,37.47,0.0,Bird
180.26,24.11,0.03,14.95,39.63,0.0,Bird
279.76,23.88,2.61,99.73,88.73,107.81,Drone Swarm
173.68,37.26,4.51,76.5,72.31,101.67,Drone Swarm
311.79,15.83,0.34,50.94,61.28,25.45,Single Drone
854.8,10.97,4.1,101.91,93.74,108.31,Drone Swarm
415.79,19.71,2.34,80.46,80.24,90.15,Drone Swarm
865.67,22.82,0.37,46.11,48.91,41.55,Single Drone
175.58,16.6,0.02,27.55,38.7,0.0,Bird
900.78,45.54,0.19,46.28,53.14,26.12,Single Drone
931.36,41.31,0.5,59.55,55.65,42.24,Single Drone
444.92,21.76,2.69,82.67,86.58,89.76,Drone Swarm
502.96,26.84,4.12,81.53,96.41,78.39,Drone Swarm
571.7,40.96,3.9,90.82,84.74,73.94,Drone Swarm
387.52,14.7,0.18,55.89,54.96,41.91,Single Drone
428.06,37.43,4.57,107.22,98.02,81.5,Drone Swarm
25.24,22.36,0.04,24.49,40.63,0.0,Bird
134.15,47.65,0.28,57.63,48.78,23.32,Single Drone
946.45,11.37,3.24,98.55,92.48,112.57,Drone Swarm
131.77,24.83,0.04,13.51,38.03,0.0,Bird
960.23,18.14,0.33,57.5,56.2,26.35,Single Drone
28.89,19.53,0.04,22.6,37.13,0.0,Bird
914.69,10.06,0.2,68.74,49.43,26.16,Single Drone
630.77,24.27,0.3,53.42,55.63,52.74,Single Drone
775.45,31.0,3.97,107.43,80.95,92.96,Drone Swarm
52.61,20.9,0.05,23.88,38.17,0.0,Bird
883.07,40.44,5.85,95.87,86.96,73.06,Drone Swarm
869.28,14.53,4.72,79.93,98.15,87.73,Drone Swarm
144.38,24.13,0.04,15.93,37.62,0.0,Bird
623.25,39.05,4.63,77.82,88.18,88.62,Drone Swarm
796.51,18.56,3.46,86.91,70.69,89.64,Drone Swarm
57.82,24.62,2.56,98.37,83.47,93.19,Drone Swarm
648.16,33.41,4.24,86.56,84.7,113.45,Drone Swarm
161.59,15.87,2.18,76.84,98.29,86.42,Drone Swarm
183.52,5.79,0.04,20.71,39.39,0.0,Bird
47.76,9.67,0.03,22.2,40.38,0.0,Bird
250.86,32.02,0.33,60.05,45.4,33.78,Single Drone
108.85,18.24,0.35,61.89,64.6,36.67,Single Drone
74.75,11.74,0.05,28.02,41.73,0.0,Bird
72.46,14.94,0.03,27.2,40.83,0.0,Bird
996.34,30.33,2.73,81.55,90.1,97.83,Drone Swarm
662.89,17.77,0.18,62.65,52.08,47.7,Single Drone
142.65,15.38,0.04,15.73,40.0,0.0,Bird
881.23,17.37,5.82,84.29,96.02,80.39,Drone Swarm
919.42,26.98,5.54,93.14,98.78,95.85,Drone Swarm
311.29,35.47,2.4,100.94,74.78,102.81,Drone Swarm
356.22,33.32,2.73,106.19,82.11,95.84,Drone Swarm
388.37,10.29,5.49,105.73,92.72,82.12,Drone Swarm
883.86,18.62,0.28,63.81,47.59,23.36,Single Drone
840.77,32.81,0.39,52.96,62.04,29.16,Single Drone
11.75,20.41,0.05,26.76,39.39,0.0,Bird
109.38,13.52,0.05,20.03,41.64,0.0,Bird
692.42,16.54,2.24,76.74,80.93,100.6,Drone Swarm
88.82,10.7,0.02,29.46,40.75,0.0,Bird
804.31,11.58,0.13,51.64,49.93,39.74,Single Drone
12.47,12.11,0.03,20.81,37.45,0.0,Bird
14.42,15.3,0.04,13.75,41.2,0.0,Bird
237.32,23.49,0.14,52.11,61.42,34.9,Single Drone
527.4,23.91,5.3,100.08,70.11,74.2,Drone Swarm
518.77,41.63,2.5,87.41,93.03,101.03,Drone Swarm
63.59,20.47,0.02,14.87,41.8,0.0,Bird
178.55,19.99,0.03,12.05,39.22,0.0,Bird
237.68,30.54,0.45,43.82,61.38,52.4,Single Drone
36.38,18.85,0.04,29.03,39.88,0.0,Bird
38.58,23.54,0.04,14.22,37.11,0.0,Bird
993.7,25.55,5.99,95.0,98.45,117.91,Drone Swarm
32.24,22.36,0.05,21.74,40.99,0.0,Bird
277.83,20.33,0.29,43.17,60.1,39.88,Single Drone
136.07,13.92,0.04,24.97,39.71,0.0,Bird
127.83,12.47,0.02,22.14,40.47,0.0,Bird
486.34,22.33,0.18,66.32,59.74,54.75,Single Drone
243.0,44.87,4.11,100.88,93.69,117.08,Drone Swarm
106.12,15.24,0.03,21.9,37.3,0.0,Bird
955.37,12.48,5.9,80.22,90.65,118.41,Drone Swarm
692.79,41.52,0.34,47.23,59.57,53.97,Single Drone
944.27,42.11,0.47,44.48,59.42,39.79,Single Drone
910.2,41.16,1.71,86.03,75.28,115.48,Drone Swarm
820.15,19.9,0.48,64.65,58.48,25.06,Single Drone
155.06,13.9,5.22,82.17,97.52,105.97,Drone Swarm
22.08,22.58,0.05,21.75,40.74,0.0,Bird
925.64,39.43,3.64,102.29,82.05,72.84,Drone Swarm
717.5,21.74,3.35,93.12,74.43,77.19,Drone Swarm
126.25,18.95,0.05,15.72,39.06,0.0,Bird
819.48,48.71,0.34,57.27,62.53,52.56,Single Drone
311.34,40.2,0.31,63.16,58.94,32.39,Single Drone
277.05,29.92,0.24,51.68,62.49,21.03,Single Drone
789.48,24.02,5.24,101.61,84.86,103.61,Drone Swarm
251.48,40.65,0.33,66.81,58.54,27.92,Single Drone
50.84,15.36,0.04,24.19,40.54,0.0,Bird
659.49,22.57,4.62,107.41,98.78,117.77,Drone Swarm
29.78,20.22,0.01,14.41,37.9,0.0,Bird
450.63,17.93,0.19,53.22,63.73,29.65,Single Drone
137.71,8.17,0.02,28.73,39.7,0.0,Bird
317.57,35.93,3.93,81.55,82.21,80.6,Drone Swarm
134.02,5.19,0.03,28.33,38.71,0.0,Bird
941.66,22.83,3.29,98.9,92.35,105.17,Drone Swarm
549.05,22.07,0.44,40.29,47.56,45.03,Single Drone
348.75,19.52,3.43,84.18,98.61,91.22,Drone Swarm
710.64,36.03,5.04,106.31,92.73,81.62,Drone Swarm
423.31,15.23,3.57,102.09,77.91,90.47,Drone Swarm
552.36,38.07,3.94,77.22,96.83,87.05,Drone Swarm
107.86,35.9,0.45,53.31,62.68,52.24,Single Drone
65.71,34.27,3.84,103.78,75.86,77.03,Drone Swarm
20.7,9.31,0.03,23.94,39.08,0.0,Bird
307.2,36.79,3.17,87.11,71.74,84.81,Drone Swarm
78.11,9.37,0.05,13.1,40.84,0.0,Bird
919.19,39.73,3.63,88.72,95.09,72.03,Drone Swarm
465.83,28.88,0.42,50.09,62.18,37.9,Single Drone
165.31,24.16,0.05,20.28,41.83,0.0,Bird
315.17,33.08,0.39,66.46,55.68,29.24,Single Drone
145.2,26.06,3.06,99.74,88.34,83.47,Drone Swarm
491.05,15.28,5.76,79.61,95.57,104.16,Drone Swarm
32.45,8.27,0.04,17.37,37.31,0.0,Bird
181.0,7.95,0.03,22.05,40.71,0.0,Bird
480.24,38.36,0.19,59.92,50.16,57.61,Single Drone
819.7,23.07,2.98,93.08,89.95,91.36,Drone Swarm
186.61,24.9,0.02,16.24,38.6,0.0,Bird
447.98,18.61,0.12,46.47,57.13,55.6,Single Drone
118.61,23.46,0.01,28.58,37.7,0.0,Bird
369.87,12.51,2.24,92.45,88.49,99.37,Drone Swarm
70.75,22.79,0.3,45.68,56.3,47.09,Single Drone
195.41,22.42,0.03,17.01,37.4,0.0,Bird
40.55,24.94,0.05,22.21,37.29,0.0,Bird
691.96,21.52,4.37,106.91,75.14,86.76,Drone Swarm
431.37,12.57,5.92,109.52,98.17,87.98,Drone Swarm
867.57,34.8,2.38,94.56,95.67,102.46,Drone Swarm
883.27,45.53,0.24,66.63,60.49,23.61,Single Drone
43.92,14.23,0.05,28.69,41.42,0.0,Bird
607.27,35.36,0.18,58.66,48.1,44.24,Single Drone
190.21,16.86,0.04,16.92,38.86,0.0,Bird
587.56,18.27,0.18,61.75,62.83,22.22,Single Drone
224.9,32.89,0.12,53.01,56.2,38.82,Single Drone
180.47,16.64,0.05,28.28,41.36,0.0,Bird
980.96,12.96,0.4,43.12,51.14,54.71,Single Drone
323.74,19.54,2.32,89.52,99.55,116.51,Drone Swarm
536.98,30.04,0.13,40.42,45.9,21.68,Single Drone
129.24,5.12,0.02,28.43,39.85,0.0,Bird
92.86,19.44,0.04,17.9,41.58,0.0,Bird
673.42,29.52,5.73,109.68,76.05,108.71,Drone Swarm
133.49,24.73,0.03,19.7,38.69,0.0,Bird
56.82,13.74,0.04,16.75,40.66,0.0,Bird
935.65,28.83,0.28,68.28,50.87,21.72,Single Drone
490.74,29.67,0.3,40.29,59.59,44.49,Single Drone
609.01,48.32,0.1,50.51,48.49,34.74,Single Drone
158.89,8.36,0.05,20.76,40.37,0.0,Bird
122.14,7.71,0.03,11.03,40.24,0.0,Bird
878.43,43.33,5.33,104.29,76.31,77.36,Drone Swarm
367.37,28.48,1.85,76.72,77.13,113.52,Drone Swarm
55.63,7.73,0.03,16.56,41.83,0.0,Bird
845.08,41.92,2.97,85.39,99.29,105.34,Drone Swarm
85.9,13.86,3.13,88.95,87.15,74.65,Drone Swarm
708.26,38.39,0.48,59.4,62.13,39.5,Single Drone
111.79,41.02,2.65,79.8,79.75,84.28,Drone Swarm
87.98,20.8,0.05,22.17,39.04,0.0,Bird
499.16,40.85,2.56,100.69,89.7,89.0,Drone Swarm
46.23,10.04,0.03,11.54,37.96,0.0,Bird
153.14,21.76,0.02,24.3,41.0,0.0,Bird
354.7,30.2,0.39,44.5,55.35,42.37,Single Drone
468.14,19.49,2.72,78.42,96.78,111.13,Drone Swarm
883.26,17.99,0.23,68.75,58.76,57.16,Single Drone
901.01,28.67,1.66,80.31,94.0,71.01,Drone Swarm
673.89,29.29,2.61,75.05,96.04,96.37,Drone Swarm
254.83,11.9,2.56,93.8,81.52,93.67,Drone Swarm
228.89,13.57,0.19,55.76,49.3,31.41,Single Drone
187.25,13.3,1.62,105.65,90.55,85.54,Drone Swarm
871.15,41.9,0.45,57.73,54.01,51.49,Single Drone
34.14,21.01,0.01,29.36,38.98,0.0,Bird
34.33,13.56,0.02,12.52,40.36,0.0,Bird
510.97,32.51,0.12,69.28,63.86,34.99,Single Drone
976.16,12.33,0.26,46.84,56.66,44.04,Single Drone
869.54,16.79,3.76,87.74,88.67,76.19,Drone Swarm
984.17,47.9,0.14,43.51,50.71,32.94,Single Drone
902.19,37.16,3.02,91.8,75.9,74.84,Drone Swarm
114.41,24.3,0.05,22.39,38.97,0.0,Bird
156.11,13.27,0.04,14.65,39.78,0.0,Bird
464.43,43.93,0.3,64.04,56.51,41.0,Single Drone
732.16,31.29,0.23,40.38,58.86,23.43,Single Drone
566.36,23.15,2.04,76.15,89.88,81.95,Drone Swarm
597.72,16.28,0.25,49.28,60.54,53.62,Single Drone
32.77,6.62,0.03,28.65,40.31,0.0,Bird
440.4,34.76,0.38,57.53,49.9,55.6,Single Drone
393.16,42.44,0.44,49.06,60.83,40.25,Single Drone
160.03,15.14,0.01,22.47,41.78,0.0,Bird
403.27,28.87,2.41,82.6,77.34,80.78,Drone Swarm
839.57,25.68,2.34,77.25,84.63,82.67,Drone Swarm
949.45,10.86,1.96,104.92,85.96,118.36,Drone Swarm
783.54,30.15,0.18,58.55,60.83,44.06,Single Drone
35.46,17.22,0.03,15.47,40.32,0.0,Bird
726.77,25.87,5.28,77.58,89.25,113.16,Drone Swarm
263.9,48.02,0.27,42.74,45.11,20.4,Single Drone
257.36,18.6,2.92,105.54,79.62,89.75,Drone Swarm
107.66,16.73,0.03,16.28,39.5,0.0,Bird
135.15,13.77,0.03,28.16,39.07,0.0,Bird
145.52,17.99,0.05,29.15,38.71,0.0,Bird
876.28,33.74,4.2,91.39,93.94,107.34,Drone Swarm
169.8,20.97,2.86,92.08,72.8,78.05,Drone Swarm
454.23,12.11,0.29,64.48,50.42,40.76,Single Drone
393.04,17.33,4.11,89.89,93.98,104.53,Drone Swarm
724.19,32.75,0.3,65.42,59.65,24.32,Single Drone
586.36,25.16,0.36,49.69,59.31,26.63,Single Drone
852.62,47.36,0.35,48.85,55.24,51.94,Single Drone
789.09,42.08,0.42,58.86,45.0,36.58,Single Drone
708.71,14.68,0.11,59.5,62.61,22.0,Single Drone
120.44,7.7,0.02,23.36,39.54,0.0,Bird
889.2,33.29,3.98,105.98,92.98,99.61,Drone Swarm
81.18,24.75,0.03,16.28,41.13,0.0,Bird
616.53,20.71,0.17,56.09,52.53,28.58,Single Drone
948.99,15.46,3.93,80.26,81.85,88.0,Drone Swarm
646.01,11.72,5.71,106.41,99.37,105.77,Drone Swarm
511.53,29.37,4.03,80.97,87.46,91.98,Drone Swarm
125.73,47.33,0.35,68.91,51.46,45.96,Single Drone
978.57,22.51,0.17,55.2,57.91,33.95,Single Drone
644.75,29.79,0.17,51.94,51.68,56.21,Single Drone
609.25,42.16,5.83,89.62,97.05,99.62,Drone Swarm
926.02,15.14,2.29,86.73,72.06,80.32,Drone Swarm
55.87,21.45,0.31,63.55,54.22,54.35,Single Drone
943.3,38.15,5.35,105.45,84.96,71.54,Drone Swarm
182.21,16.41,0.02,17.46,41.02,0.0,Bird
87.79,12.37,0.05,29.57,37.98,0.0,Bird
318.63,12.9,0.48,41.98,56.41,29.37,Single Drone
498.05,33.63,0.27,55.62,59.39,56.89,Single Drone
745.61,25.71,0.18,52.54,53.56,21.55,Single Drone
28.56,19.5,0.02,29.61,40.97,0.0,Bird
15.92,10.97,0.03,15.43,38.26,0.0,Bird
57.93,35.12,4.06,105.08,81.13,112.8,Drone Swarm
24.28,14.66,0.04,14.52,41.2,0.0,Bird
133.98,41.99,0.14,65.24,60.79,23.54,Single Drone
949.8,25.99,0.23,55.59,56.41,40.95,Single Drone
516.47,40.48,0.13,62.82,55.55,36.73,Single Drone
487.34,18.3,0.18,57.63,61.93,24.36,Single Drone
93.63,11.31,0.02,20.37,39.89,0.0,Bird
841.12,12.75,3.61,86.52,82.47,71.31,Drone Swarm
122.27,10.74,0.02,18.19,37.48,0.0,Bird
435.36,48.74,0.4,49.52,60.76,22.89,Single Drone
165.15,8.89,0.03,25.02,38.74,0.0,Bird
346.07,28.16,0.18,65.42,55.2,51.07,Single Drone
135.38,14.79,2.08,97.54,84.88,73.99,Drone Swarm
368.64,10.15,0.3,57.36,58.6,28.64,Single Drone
30.36,23.54,0.04,11.88,37.69,0.0,Bird
432.82,17.14,4.39,96.52,94.62,87.93,Drone Swarm
321.13,34.61,0.15,53.31,45.59,44.37,Single Drone
317.73,15.71,0.39,69.08,55.24,40.89,Single Drone
263.16,34.02,0.27,55.45,45.24,51.54,Single Drone
59.07,15.93,0.04,19.85,40.23,0.0,Bird
89.72,18.17,0.04,12.81,37.43,0.0,Bird
360.4,29.78,0.28,48.26,51.43,39.01,Single Drone
167.74,21.0,0.04,23.55,40.05,0.0,Bird
530.74,12.87,0.11,41.35,55.08,22.15,Single Drone
141.85,5.77,0.01,17.99,37.34,0.0,Bird
148.36,5.58,0.04,15.85,39.83,0.0,Bird
121.51,13.44,0.12,55.41,47.15,36.38,Single Drone
988.61,15.15,0.23,60.03,45.06,51.01,Single Drone
494.48,15.89,1.54,99.34,75.33,74.97,Drone Swarm
61.56,24.68,0.03,11.84,38.05,0.0,Bird
123.12,17.92,0.02,11.37,37.54,0.0,Bird
858.72,26.22,2.41,84.8,80.27,92.07,Drone Swarm
167.74,15.86,2.81,78.25,95.63,70.38,Drone Swarm
683.35,16.43,0.16,61.15,50.14,42.33,Single Drone
100.67,32.95,5.67,101.81,82.23,86.91,Drone Swarm
309.43,44.36,4.86,90.11,90.07,91.96,Drone Swarm
244.56,25.88,1.7,87.99,71.07,103.98,Drone Swarm
575.17,47.97,0.25,53.07,62.73,57.45,Single Drone
180.02,20.98,0.05,15.75,39.78,0.0,Bird
118.31,6.28,0.02,17.84,38.77,0.0,Bird
40.9,12.98,0.01,22.45,38.43,0.0,Bird
129.26,5.24,0.02,16.28,40.38,0.0,Bird
560.7,40.85,0.39,59.31,64.01,38.32,Single Drone
308.82,17.56,3.42,90.44,90.37,116.97,Drone Swarm
163.65,32.92,2.05,94.41,92.44,86.12,Drone Swarm
779.38,39.09,0.2,67.7,59.41,41.77,Single Drone
341.96,40.37,3.74,76.79,91.52,103.06,Drone Swarm
158.07,34.75,4.21,87.54,92.57,101.45,Drone Swarm
870.26,32.6,0.27,42.71,55.98,55.73,Single Drone
326.33,49.26,0.18,59.71,50.93,38.84,Single Drone
176.73,17.62,3.88,85.92,96.95,94.07,Drone Swarm
969.91,19.28,0.25,48.68,62.19,31.49,Single Drone
170.83,20.7,0.02,28.05,39.02,0.0,Bird
404.79,34.37,5.85,107.91,87.06,111.41,Drone Swarm
982.31,27.05,0.44,63.04,57.5,34.9,Single Drone
490.67,42.25,2.31,80.88,93.67,82.19,Drone Swarm
529.67,28.31,0.11,59.82,47.76,44.49,Single Drone
407.99,29.64,3.06,108.24,75.42,74.37,Drone Swarm
707.06,47.05,0.19,56.71,52.26,58.12,Single Drone
599.61,17.73,0.18,64.76,63.85,29.69,Single Drone
467.34,36.6,2.43,76.1,87.91,81.7,Drone Swarm
829.81,10.51,0.14,65.37,50.04,24.72,Single Drone
692.98,44.28,0.13,66.67,54.61,58.9,Single Drone
808.83,40.69,1.69,95.1,88.27,107.52,Drone Swarm
553.58,26.31,4.6,78.48,91.28,105.74,Drone Swarm
826.62,18.82,3.26,107.18,83.36,85.03,Drone Swarm
519.65,19.33,0.31,64.24,45.48,58.17,Single Drone
945.63,12.88,4.72,75.31,80.47,115.15,Drone Swarm
495.13,24.89,0.38,54.43,52.37,35.67,Single Drone
83.97,12.68,0.05,21.67,40.74,0.0,Bird
697.11,11.36,4.28,77.69,77.95,92.45,Drone Swarm
822.21,23.87,0.41,41.07,50.25,55.28,Single Drone
152.67,17.34,0.04,14.98,37.85,0.0,Bird
130.35,24.76,0.03,18.14,40.46,0.0,Bird
176.04,11.56,0.02,13.26,41.03,0.0,Bird
22.04,13.79,0.04,28.94,39.08,0.0,Bird
154.69,15.31,0.04,29.81,39.73,0.0,Bird
166.29,16.35,0.02,17.79,39.83,0.0,Bird
17.01,22.57,0.04,17.37,40.25,0.0,Bird
63.19,9.38,0.02,21.67,39.41,0.0,Bird
327.68,24.93,5.86,103.59,87.49,72.32,Drone Swarm
985.42,29.56,0.12,50.9,61.41,25.02,Single Drone
252.87,27.21,0.21,60.84,47.93,53.4,Single Drone
149.08,22.46,0.05,15.01,40.8,0.0,Bird
37.94,5.47,0.05,13.9,39.05,0.0,Bird
998.81,10.27,3.27,98.96,99.49,70.3,Drone Swarm
28.59,5.61,0.03,23.08,38.08,0.0,Bird
722.74,13.12,2.87,86.45,87.89,110.69,Drone Swarm
226.32,35.12,2.33,108.02,70.94,92.66,Drone Swarm
14.27,6.86,0.05,10.52,38.29,0.0,Bird
150.75,6.45,0.04,11.38,39.21,0.0,Bird
170.53,13.91,0.02,25.22,38.91,0.0,Bird
911.53,39.92,5.79,87.27,72.51,75.52,Drone Swarm
351.06,20.72,0.25,64.11,54.74,56.46,Single Drone
163.92,22.2,0.03,10.2,41.77,0.0,Bird
64.84,5.52,0.04,29.23,39.53,0.0,Bird
641.46,21.31,5.53,80.7,85.35,116.87,Drone Swarm
12.94,20.22,0.04,24.04,39.06,0.0,Bird
203.59,11.94,2.28,83.37,91.46,88.65,Drone Swarm
24.02,21.16,0.02,29.22,39.09,0.0,Bird
877.27,37.97,2.5,102.12,83.09,99.42,Drone Swarm
687.13,15.24,2.23,95.28,80.97,107.25,Drone Swarm
681.13,13.35,3.07,92.54,88.76,95.13,Drone Swarm
66.82,34.32,5.24,94.05,83.14,115.33,Drone Swarm
741.7,18.76,2.76,95.3,81.76,94.92,Drone Swarm
709.64,20.23,5.04,86.64,79.59,118.61,Drone Swarm
555.55,13.26,2.66,109.67,96.77,117.71,Drone Swarm
688.5,15.39,2.13,75.54,80.0,79.89,Drone Swarm
65.95,20.93,0.01,20.65,38.89,0.0,Bird
118.95,6.14,0.01,17.21,40.21,0.0,Bird
78.05,14.67,0.03,13.1,41.06,0.0,Bird
932.93,47.5,0.17,46.22,61.2,55.55,Single Drone
93.44,12.36,0.05,25.08,38.87,0.0,Bird
93.4,6.6,0.03,24.45,38.39,0.0,Bird
597.0,11.55,0.38,49.98,57.69,42.77,Single Drone
85.46,9.08,0.04,18.57,38.2,0.0,Bird
539.01,40.25,0.28,58.26,59.92,29.29,Single Drone
169.36,32.07,0.15,63.57,51.37,59.75,Single Drone
503.98,38.46,1.66,92.73,74.33,73.11,Drone Swarm
44.85,23.5,0.03,16.68,38.3,0.0,Bird
189.28,40.11,0.48,48.24,55.25,26.86,Single Drone
44.43,7.43,0.04,26.69,37.27,0.0,Bird
232.65,49.53,0.18,57.15,63.49,27.5,Single Drone
890.45,28.83,4.47,99.29,90.34,74.8,Drone Swarm
156.47,21.05,0.02,26.11,38.21,0.0,Bird
444.85,44.24,0.31,67.74,56.98,56.41,Single Drone
493.9,34.28,0.26,66.34,56.86,39.16,Single Drone
972.83,16.72,5.62,93.33,72.62,107.51,Drone Swarm
297.05,23.36,0.48,67.44,47.31,37.42,Single Drone
944.81,15.27,5.26,98.52,76.48,82.25,Drone Swarm
113.67,17.63,0.03,15.28,39.62,0.0,Bird
59.72,20.47,4.91,81.98,86.52,107.98,Drone Swarm
185.69,17.65,0.01,16.2,40.41,0.0,Bird
104.14,6.61,0.05,28.61,37.77,0.0,Bird
62.62,47.88,0.36,47.57,54.01,46.42,Single Drone
244.56,37.68,0.43,51.33,61.74,29.08,Single Drone
916.6,23.13,0.39,45.1,48.61,43.89,Single Drone
81.75,44.35,0.33,49.77,56.6,50.87,Single Drone
928.41,14.55,0.15,58.87,54.36,29.98,Single Drone
115.49,6.36,0.04,17.08,39.89,0.0,Bird
152.17,19.61,0.02,13.5,41.29,0.0,Bird
830.2,19.91,0.46,69.79,63.07,25.6,Single Drone
825.82,31.08,0.29,48.64,49.0,22.59,Single Drone
177.01,14.65,0.41,42.07,47.28,35.52,Single Drone
318.21,25.96,3.51,104.03,98.25,113.66,Drone Swarm
432.62,13.94,2.45,79.7,96.47,116.35,Drone Swarm
175.98,11.66,0.02,17.35,38.24,0.0,Bird
722.24,41.96,0.15,60.64,58.96,37.7,Single Drone
788.84,31.52,0.43,53.1,63.52,36.96,Single Drone
181.49,8.35,0.01,11.9,39.59,0.0,Bird
78.59,20.03,0.02,19.85,37.34,0.0,Bird
42.62,18.53,0.04,16.14,39.45,0.0,Bird
13.46,8.62,0.04,21.91,38.93,0.0,Bird
216.05,18.41,0.17,58.46,57.1,32.99,Single Drone
956.55,27.68,3.93,80.11,88.11,84.68,Drone Swarm
75.68,7.08,0.03,21.59,38.56,0.0,Bird
436.02,26.64,0.45,61.97,51.56,20.23,Single Drone
36.56,15.19,0.01,11.24,41.58,0.0,Bird
75.81,5.84,0.04,19.33,40.46,0.0,Bird
960.07,15.27,0.31,41.8,52.96,20.56,Single Drone
63.2,14.74,0.03,17.75,37.05,0.0,Bird
286.31,25.5,3.58,79.17,86.18,102.28,Drone Swarm
108.57,22.02,0.01,24.86,40.64,0.0,Bird
460.13,36.66,5.06,107.42,74.09,110.18,Drone Swarm
16.97,6.93,0.03,25.85,40.23,0.0,Bird
18.74,24.5,0.01,27.81,38.9,0.0,Bird
198.2,9.72,0.02,16.46,37.93,0.0,Bird
114.53,35.19,3.81,83.35,72.03,90.76,Drone Swarm
967.96,47.75,0.27,63.11,59.35,26.7,Single Drone
302.8,10.15,0.18,42.4,45.37,39.46,Single Drone
906.32,42.76,2.52,82.13,88.66,103.35,Drone Swarm
154.44,8.04,0.04,10.21,39.09,0.0,Bird
926.47,44.66,0.37,69.19,49.23,23.99,Single Drone
245.84,14.27,2.35,93.68,70.01,117.78,Drone Swarm
204.39,19.07,0.22,67.6,57.92,40.04,Single Drone
807.14,11.1,3.35,104.23,78.73,72.64,Drone Swarm
997.79,22.94,0.37,66.92,46.45,58.33,Single Drone
847.17,40.61,5.19,96.34,78.0,114.97,Drone Swarm
392.06,39.96,0.15,62.21,50.26,54.39,Single Drone
556.67,10.99,1.85,83.54,83.7,110.41,Drone Swarm
620.75,46.93,0.26,69.21,55.8,48.18,Single Drone
81.23,5.96,0.02,24.1,38.98,0.0,Bird
373.91,19.61,0.39,45.12,61.66,24.71,Single Drone
387.06,24.67,0.22,66.93,50.33,30.42,Single Drone
635.48,10.28,0.12,56.94,50.03,23.23,Single Drone
883.87,24.91,5.84,90.11,86.35,96.7,Drone Swarm
218.45,12.25,3.44,81.52,76.83,98.12,Drone Swarm
295.2,44.18,0.34,67.48,50.76,48.52,Single Drone
349.76,15.07,0.2,64.04,47.71,48.12,Single Drone
682.65,16.29,0.42,64.54,45.67,54.8,Single Drone
100.09,6.44,0.01,21.94,38.92,0.0,Bird
55.08,9.42,0.02,12.35,41.1,0.0,Bird
846.9,39.14,0.28,68.51,62.2,40.45,Single Drone
985.35,25.17,0.37,55.42,47.45,24.26,Single Drone
753.03,37.75,1.71,88.8,83.96,113.63,Drone Swarm
995.07,38.6,5.09,77.49,83.05,114.13,Drone Swarm
112.75,25.36,0.39,52.09,59.78,36.37,Single Drone
269.42,13.6,2.56,103.22,99.82,95.05,Drone Swarm
187.03,37.77,0.14,50.11,56.08,37.58,Single Drone
255.42,32.69,2.08,105.69,80.92,111.79,Drone Swarm
122.34,10.91,0.03,17.18,41.55,0.0,Bird
369.51,23.36,0.3,50.0,55.1,50.09,Single Drone
349.05,37.08,3.16,92.04,72.5,71.46,Drone Swarm
107.16,14.61,0.05,26.72,40.01,0.0,Bird
227.81,13.17,4.77,101.55,74.68,97.13,Drone Swarm
116.33,23.75,0.03,17.1,40.18,0.0,Bird
130.92,24.38,0.03,24.97,39.13,0.0,Bird
98.61,13.2,0.43,49.28,59.72,21.05,Single Drone
861.55,18.81,4.93,80.48,73.41,114.37,Drone Swarm
13.15,24.62,0.01,15.2,41.94,0.0,Bird
153.55,20.16,0.05,10.18,37.25,0.0,Bird
57.09,48.31,0.1,65.83,63.67,24.33,Single Drone
598.49,18.47,0.3,52.73,57.21,47.16,Single Drone
216.46,10.21,2.78,101.92,79.59,84.07,Drone Swarm
626.13,14.57,4.0,101.83,83.02,81.31,Drone Swarm
988.79,36.23,1.69,82.82,84.15,112.05,Drone Swarm
881.01,41.71,0.36,44.93,62.69,51.81,Single Drone
741.9,29.04,1.94,83.57,97.57,90.89,Drone Swarm
436.14,48.15,0.15,53.52,54.69,39.41,Single Drone
576.09,33.38,4.78,78.4,71.0,86.94,Drone Swarm
428.62,33.09,5.25,86.36,91.18,70.07,Drone Swarm
194.01,22.07,5.01,86.74,87.27,119.09,Drone Swarm
283.18,34.62,0.48,44.73,55.64,50.01,Single Drone
109.23,9.0,0.01,11.33,38.48,0.0,Bird
99.6,20.62,0.02,24.12,38.28,0.0,Bird
11.05,5.84,0.02,16.26,39.97,0.0,Bird
800.58,27.87,0.34,40.16,52.74,28.94,Single Drone
301.27,14.17,5.38,85.66,72.4,86.87,Drone Swarm
291.01,18.7,3.1,77.17,76.58,108.16,Drone Swarm
155.54,12.94,5.64,106.14,76.13,91.37,Drone Swarm
142.19,7.4,0.05,21.45,39.36,0.0,Bird
457.95,13.56,5.28,83.75,77.21,119.03,Drone Swarm
568.16,32.18,0.13,67.29,46.57,49.94,Single Drone
882.78,12.68,3.85,86.32,94.82,114.2,Drone Swarm
150.9,30.34,0.34,49.58,57.48,45.88,Single Drone
969.42,10.12,2.73,92.61,86.67,100.39,Drone Swarm
198.54,34.15,0.14,64.31,55.03,29.86,Single Drone
587.15,35.03,0.45,64.08,62.11,25.6,Single Drone
73.72,10.54,5.52,91.56,99.66,71.08,Drone Swarm
501.53,32.61,2.98,78.09,78.56,99.85,Drone Swarm
93.27,43.52,3.95,107.6,70.84,113.78,Drone Swarm
460.62,27.19,2.91,77.82,95.82,76.55,Drone Swarm
135.47,12.72,2.97,89.78,88.25,106.73,Drone Swarm
180.15,14.49,0.03,26.13,40.42,0.0,Bird
111.36,14.76,0.05,16.84,40.89,0.0,Bird
343.47,31.63,0.37,59.35,59.84,36.14,Single Drone
687.74,12.54,3.77,94.67,70.32,77.04,Drone Swarm
201.68,28.95,0.13,64.72,58.45,50.86,Single Drone
91.23,8.73,0.04,12.04,37.41,0.0,Bird
338.06,30.35,0.31,52.95,59.33,47.76,Single Drone
436.54,19.13,2.28,85.64,96.93,70.88,Drone Swarm
105.52,5.22,0.02,11.11,41.97,0.0,Bird
187.53,18.23,0.04,18.62,37.39,0.0,Bird
71.05,22.57,2.36,77.28,77.52,98.22,Drone Swarm
919.1,42.27,0.38,49.66,59.36,22.65,Single Drone
999.37,39.4,4.69,90.79,95.69,114.32,Drone Swarm
149.1,20.01,0.38,49.72,53.82,37.11,Single Drone
71.93,19.72,5.67,97.87,96.11,107.88,Drone Swarm
537.05,43.59,4.04,104.09,72.03,72.23,Drone Swarm
19.78,22.01,0.03,25.75,40.64,0.0,Bird
626.58,31.46,5.11,84.0,80.47,117.34,Drone Swarm
812.17,36.49,4.11,95.6,96.71,107.88,Drone Swarm
172.91,11.51,0.21,63.42,47.98,51.59,Single Drone
480.18,47.34,0.5,48.96,47.0,41.28,Single Drone
106.45,12.97,0.01,25.5,38.72,0.0,Bird
20.4,17.49,0.01,26.41,41.44,0.0,Bird
208.51,48.46,0.47,50.68,48.72,27.08,Single Drone
473.24,32.29,0.14,69.27,63.25,25.22,Single Drone
283.04,44.65,1.79,97.28,95.44,109.58,Drone Swarm
501.47,16.04,5.05,98.69,81.28,101.92,Drone Swarm
729.56,33.26,0.21,59.66,52.97,38.96,Single Drone
908.38,19.45,4.01,88.68,86.91,87.31,Drone Swarm
341.79,26.4,2.0,79.0,70.65,107.67,Drone Swarm
19.85,13.65,0.05,23.57,37.37,0.0,Bird
475.68,40.75,0.36,51.21,59.41,24.01,Single Drone
952.77,35.76,3.13,98.73,81.86,98.26,Drone Swarm
102.61,5.06,0.04,18.0,40.69,0.0,Bird
472.48,27.44,0.29,43.91,63.98,51.24,Single Drone
673.73,36.46,0.31,42.03,52.05,46.49,Single Drone
179.61,9.05,0.01,19.68,37.81,0.0,Bird
31.13,5.61,0.03,28.83,41.33,0.0,Bird
990.68,34.99,5.32,90.17,90.21,104.19,Drone Swarm
71.95,41.86,4.27,91.65,89.62,101.72,Drone Swarm
735.0,44.8,0.38,47.9,51.78,47.93,Single Drone
45.44,15.15,0.02,12.11,37.47,0.0,Bird
41.21,11.13,0.04,13.01,37.6,0.0,Bird
319.23,27.86,5.8,85.37,76.42,103.55,Drone Swarm
369.03,24.47,0.49,54.3,50.3,59.06,Single Drone
47.94,22.24,0.04,28.89,38.98,0.0,Bird
731.76,29.76,2.74,109.46,83.15,71.22,Drone Swarm
245.59,22.82,0.13,46.83,49.99,53.78,Single Drone
829.48,29.4,0.16,55.08,52.79,44.59,Single Drone
34.49,13.09,0.04,25.25,37.65,0.0,Bird
686.89,12.54,5.31,108.05,85.35,119.37,Drone Swarm
36.0,6.38,0.02,17.89,38.64,0.0,Bird
890.98,32.46,0.5,47.08,49.64,50.51,Single Drone
330.08,32.85,0.5,67.84,60.61,27.37,Single Drone
774.1,33.74,0.41,69.39,47.91,56.88,Single Drone
190.29,7.41,0.05,12.03,41.96,0.0,Bird
445.35,22.66,0.11,43.69,55.67,43.84,Single Drone
772.53,22.56,3.74,86.65,88.26,94.59,Drone Swarm
276.38,45.59,0.14,52.7,50.96,51.07,Single Drone
104.08,20.81,0.03,29.41,38.45,0.0,Bird
679.72,22.14,0.19,41.73,55.35,33.56,Single Drone
658.09,25.18,5.82,96.96,86.55,102.28,Drone Swarm
383.87,31.13,3.2,102.26,93.52,100.09,Drone Swarm
814.86,12.43,0.16,48.25,64.14,29.86,Single Drone
721.76,10.4,2.55,83.58,99.94,70.86,Drone Swarm
731.68,11.58,0.2,57.83,46.84,28.59,Single Drone
141.18,15.8,0.01,29.4,38.88,0.0,Bird
144.6,31.59,0.37,69.13,55.42,44.96,Single Drone
122.56,11.38,0.02,23.43,40.69,0.0,Bird
197.46,6.88,0.03,20.55,41.15,0.0,Bird
176.72,17.41,4.76,89.98,92.96,119.15,Drone Swarm
175.95,33.59,5.59,89.22,73.95,72.28,Drone Swarm
45.74,6.46,0.03,27.66,40.98,0.0,Bird
446.31,43.45,0.39,58.41,60.5,54.94,Single Drone
59.99,27.71,0.27,47.77,54.9,52.83,Single Drone
742.56,15.34,4.3,91.2,70.32,89.51,Drone Swarm
297.81,11.11,0.49,59.89,56.56,30.17,Single Drone
461.2,25.29,0.12,41.21,59.96,30.34,Single Drone
63.35,22.29,0.05,14.39,37.28,0.0,Bird
171.91,17.03,0.01,12.74,37.1,0.0,Bird
122.88,6.21,0.04,14.59,41.31,0.0,Bird
901.23,27.78,3.24,106.29,84.03,111.33,Drone Swarm
716.04,32.16,0.12,63.91,63.56,54.42,Single Drone
698.96,35.5,0.37,56.17,54.63,42.69,Single Drone
188.28,7.84,0.05,16.87,38.73,0.0,Bird
176.67,22.73,0.04,19.42,37.6,0.0,Bird
216.25,25.93,4.02,99.41,77.2,117.05,Drone Swarm
281.43,21.5,0.16,58.29,51.9,37.06,Single Drone
18.59,14.6,0.04,11.51,41.45,0.0,Bird
180.09,11.95,0.04,13.04,38.56,0.0,Bird
838.09,18.4,0.26,44.59,53.16,38.82,Single Drone
767.57,36.69,5.21,103.42,75.76,118.77,Drone Swarm
44.56,7.57,0.03,21.35,39.52,0.0,Bird
898.64,41.12,0.46,46.45,55.1,59.92,Single Drone
968.62,39.71,0.49,50.0,50.32,59.02,Single Drone
796.49,32.72,4.86,105.98,79.27,86.79,Drone Swarm
932.5,27.15,2.32,105.77,82.85,77.28,Drone Swarm
274.65,17.74,0.35,61.97,53.14,54.21,Single Drone
119.54,6.54,0.01,18.36,41.06,0.0,Bird
458.36,25.92,4.84,78.06,80.25,113.91,Drone Swarm
501.35,13.45,0.42,63.93,51.15,20.8,Single Drone
90.07,19.91,0.03,26.88,41.63,0.0,Bird
507.21,17.62,5.5,84.97,92.33,97.31,Drone Swarm
375.88,17.8,0.34,40.79,46.6,37.22,Single Drone
887.14,24.39,3.14,77.21,95.34,91.52,Drone Swarm
918.12,44.94,3.08,88.59,71.79,115.58,Drone Swarm
843.76,19.43,2.27,99.17,89.21,114.44,Drone Swarm
826.66,25.8,2.33,97.58,77.55,103.61,Drone Swarm
928.1,39.55,5.79,96.94,74.76,71.77,Drone Swarm
602.64,14.34,0.41,59.35,64.23,56.98,Single Drone
767.72,30.1,2.22,95.51,79.67,99.99,Drone Swarm
71.25,17.82,0.01,24.78,40.93,0.0,Bird
830.07,33.74,3.64,101.89,82.88,84.5,Drone Swarm
955.46,44.25,0.48,64.04,54.7,56.37,Single Drone
180.92,14.63,0.04,14.25,37.27,0.0,Bird
156.78,32.37,0.41,64.09,47.91,58.12,Single Drone
925.99,37.08,5.99,86.51,97.81,99.18,Drone Swarm
88.26,23.86,2.3,77.73,74.3,116.11,Drone Swarm
174.55,5.36,0.03,26.34,40.13,0.0,Bird
128.43,6.79,0.01,27.66,38.17,0.0,Bird
998.68,31.12,2.62,102.62,73.29,77.28,Drone Swarm
893.05,31.04,0.42,52.55,48.29,56.33,Single Drone
569.68,44.73,3.19,88.67,94.29,91.63,Drone Swarm
114.89,13.97,0.02,29.31,37.83,0.0,Bird
380.65,12.39,0.25,53.63,48.34,58.92,Single Drone
748.47,45.85,0.18,42.73,55.62,53.91,Single Drone
709.56,15.28,1.56,94.97,73.21,73.11,Drone Swarm
778.27,17.84,0.45,62.27,49.45,32.78,Single Drone
182.57,19.17,0.02,22.6,37.59,0.0,Bird
232.9,38.4,5.96,95.29,84.38,71.61,Drone Swarm
161.49,20.74,0.03,23.17,38.69,0.0,Bird
57.07,14.96,0.01,23.42,41.07,0.0,Bird
21.04,18.85,0.03,28.12,38.81,0.0,Bird
167.65,19.15,0.04,17.86,38.82,0.0,Bird
73.36,17.3,0.04,26.11,38.89,0.0,Bird
78.18,7.61,0.05,14.93,39.15,0.0,Bird
82.14,7.98,0.02,16.5,39.73,0.0,Bird
52.48,22.42,0.03,26.75,41.75,0.0,Bird
31.56,11.84,0.02,15.78,40.36,0.0,Bird
27.16,8.22,0.03,11.12,40.04,0.0,Bird
485.45,17.48,0.39,52.79,58.43,37.29,Single Drone
116.1,17.36,0.05,23.5,39.89,0.0,Bird
96.57,9.75,0.02,11.69,38.31,0.0,Bird
99.73,28.5,1.55,102.66,75.57,118.73,Drone Swarm
778.03,45.04,0.21,51.22,55.23,35.9,Single Drone
634.32,30.97,0.31,48.12,52.0,31.25,Single Drone
212.46,39.95,2.17,104.8,84.21,85.14,Drone Swarm
871.82,25.05,0.47,49.16,55.56,21.43,Single Drone
585.3,21.7,2.79,91.39,76.92,105.31,Drone Swarm
192.41,43.12,0.4,61.61,61.6,49.47,Single Drone
256.71,10.84,0.13,46.21,47.09,50.38,Single Drone
478.57,30.4,0.26,42.99,50.92,23.2,Single Drone
787.96,30.73,0.31,62.7,51.02,21.28,Single Drone
375.28,37.72,0.28,65.87,62.44,41.01,Single Drone
227.26,36.63,0.23,41.04,47.11,28.8,Single Drone
973.84,22.28,0.3,65.0,52.4,59.32,Single Drone
103.5,17.14,0.02,24.83,41.88,0.0,Bird
757.88,39.0,5.13,93.21,91.69,72.39,Drone Swarm
954.02,38.42,3.46,76.57,95.01,96.11,Drone Swarm
466.42,13.49,4.73,104.03,83.98,99.97,Drone Swarm
571.06,22.06,3.91,77.94,76.85,89.29,Drone Swarm
126.23,20.79,0.01,20.36,41.91,0.0,Bird
301.91,43.04,0.32,66.87,50.06,51.47,Single Drone
81.11,18.45,0.04,14.23,38.12,0.0,Bird
68.97,46.38,0.15,57.23,51.64,52.56,Single Drone
851.17,22.78,3.89,102.1,75.08,72.52,Drone Swarm
783.08,23.07,4.59,103.36,83.57,98.67,Drone Swarm
36.76,16.65,0.01,26.47,40.23,0.0,Bird
921.65,41.91,3.56,107.35,71.22,74.41,Drone Swarm
394.07,37.9,4.98,85.62,86.82,70.87,Drone Swarm
96.83,17.97,0.29,44.01,54.36,57.52,Single Drone
983.8,26.1,0.15,52.22,53.86,26.88,Single Drone
947.59,33.95,3.75,102.16,75.14,79.69,Drone Swarm
650.14,41.22,0.37,49.48,49.29,21.4,Single Drone
455.34,33.32,3.06,107.59,70.29,91.63,Drone Swarm
148.63,17.27,0.01,18.16,37.65,0.0,Bird
285.25,44.93,0.26,56.15,51.02,27.83,Single Drone
53.92,25.42,1.68,107.75,74.64,78.35,Drone Swarm
329.22,29.3,0.16,47.44,50.82,47.79,Single Drone
147.23,13.75,0.02,21.33,38.54,0.0,Bird
185.27,5.24,0.02,21.36,40.17,0.0,Bird
718.11,23.28,0.36,61.21,45.95,20.14,Single Drone
123.6,24.96,0.04,23.14,40.9,0.0,Bird
770.53,32.16,3.1,98.09,74.09,112.88,Drone Swarm
97.67,27.28,0.21,40.54,61.41,23.95,Single Drone
842.74,39.78,0.38,45.32,49.39,29.81,Single Drone
443.49,17.3,5.75,109.39,76.24,78.15,Drone Swarm
840.44,30.86,2.59,101.48,85.12,99.23,Drone Swarm
386.82,39.82,0.4,64.85,49.3,37.72,Single Drone
602.97,34.27,0.12,60.08,63.3,58.68,Single Drone
163.54,15.74,0.05,11.83,37.45,0.0,Bird
739.67,18.3,3.28,85.16,74.23,91.95,Drone Swarm
92.62,14.93,0.03,19.0,40.0,0.0,Bird
111.86,14.58,0.04,26.05,39.57,0.0,Bird
102.86,28.12,5.28,91.38,85.01,96.14,Drone Swarm
458.83,20.13,0.18,41.19,56.59,50.38,Single Drone
417.86,18.37,0.47,57.32,58.57,28.06,Single Drone
732.11,49.63,0.21,63.64,52.56,22.05,Single Drone
38.86,19.35,0.04,13.93,40.65,0.0,Bird
75.0,12.52,0.03,13.29,40.53,0.0,Bird
109.7,16.36,0.05,18.09,41.48,0.0,Bird
232.42,27.1,0.36,41.23,64.52,29.0,Single Drone
639.22,29.37,0.2,65.76,59.32,47.08,Single Drone
369.55,37.22,4.89,76.4,78.81,104.87,Drone Swarm
16.83,15.35,0.02,11.51,39.98,0.0,Bird
507.61,24.42,4.26,99.47,95.03,87.42,Drone Swarm
76.67,17.78,0.02,27.29,37.9,0.0,Bird
467.58,28.67,0.18,65.93,51.75,39.65,Single Drone
696.24,45.3,0.47,47.37,55.23,28.9,Single Drone
64.17,21.35,0.02,18.98,40.49,0.0,Bird
42.4,16.93,0.03,18.37,38.35,0.0,Bird
950.95,35.81,0.26,56.63,55.83,42.63,Single Drone
22.63,11.07,0.04,28.71,38.02,0.0,Bird
136.36,9.41,0.04,26.7,37.26,0.0,Bird
541.41,21.67,0.1,42.51,54.03,54.36,Single Drone
744.17,26.44,1.51,77.28,90.74,112.24,Drone Swarm
145.31,18.87,0.04,14.59,40.19,0.0,Bird
165.63,19.59,0.04,27.41,40.85,0.0,Bird
190.56,20.19,0.38,51.29,64.2,56.62,Single Drone
992.4,37.71,4.33,97.03,75.99,118.46,Drone Swarm
951.22,42.48,4.6,107.07,76.58,81.1,Drone Swarm
115.33,8.64,0.04,26.06,37.11,0.0,Bird
143.78,12.07,0.04,16.13,40.6,0.0,Bird
58.63,19.87,0.32,65.58,52.52,54.48,Single Drone
173.8,33.84,0.46,65.97,47.77,47.75,Single Drone
780.31,40.38,0.36,68.52,52.98,48.65,Single Drone
307.62,17.36,3.81,78.86,92.79,114.25,Drone Swarm
99.96,14.25,0.01,21.58,37.24,0.0,Bird
384.86,17.13,0.42,57.52,49.5,42.77,Single Drone
105.51,18.17,0.02,23.33,39.01,0.0,Bird
433.35,15.26,3.1,91.02,72.3,89.18,Drone Swarm
119.12,17.49,1.67,96.37,96.49,105.41,Drone Swarm
144.52,13.28,0.2,54.84,61.22,40.48,Single Drone
105.42,22.74,0.03,24.3,40.82,0.0,Bird
146.62,8.69,0.04,16.13,41.84,0.0,Bird
510.77,16.75,0.35,61.98,53.46,45.42,Single Drone
688.48,20.36,4.46,109.49,94.84,81.22,Drone Swarm
641.81,12.09,0.5,58.8,52.83,36.47,Single Drone
55.99,20.05,0.02,22.99,37.06,0.0,Bird
39.04,22.03,0.02,18.76,40.55,0.0,Bird
197.44,15.31,0.05,20.03,40.02,0.0,Bird
861.82,44.9,0.43,42.87,59.5,27.05,Single Drone
211.39,21.33,1.7,81.4,81.81,106.59,Drone Swarm
406.87,26.38,3.6,92.32,71.71,94.04,Drone Swarm
141.28,20.6,0.02,23.28,39.91,0.0,Bird
895.21,20.17,4.16,91.65,91.87,113.57,Drone Swarm
513.51,20.62,0.12,46.43,56.1,57.29,Single Drone
552.27,12.67,0.24,56.12,46.49,36.51,Single Drone
260.51,43.65,3.7,87.7,98.06,73.11,Drone Swarm
731.79,36.01,0.15,51.32,54.53,32.86,Single Drone
96.65,23.89,0.03,11.13,40.37,0.0,Bird
967.21,20.06,5.13,83.92,73.4,104.09,Drone Swarm
150.07,30.88,2.05,108.98,77.04,73.53,Drone Swarm
310.15,29.18,4.44,79.23,80.27,73.82,Drone Swarm
253.35,23.4,1.92,99.67,81.76,102.81,Drone Swarm
39.67,15.84,0.03,18.38,40.21,0.0,Bird
165.54,10.38,2.05,89.81,72.15,113.13,Drone Swarm
32.37,14.97,0.05,13.42,40.81,0.0,Bird
930.82,39.26,2.81,88.4,91.23,94.08,Drone Swarm
945.83,33.43,0.36,59.45,59.67,43.03,Single Drone
130.67,11.92,0.04,15.42,41.0,0.0,Bird
202.37,43.48,5.08,87.66,81.37,87.54,Drone Swarm
354.73,42.42,3.95,92.25,70.16,110.1,Drone Swarm
291.9,39.79,3.5,89.32,84.16,110.49,Drone Swarm
787.98,26.12,0.44,57.81,53.9,53.38,Single Drone
162.66,11.5,0.03,27.58,39.79,0.0,Bird
558.06,26.2,0.14,47.86,58.23,40.97,Single Drone
358.51,31.99,4.17,78.24,85.88,100.08,Drone Swarm
372.59,17.05,3.0,107.64,84.36,80.74,Drone Swarm
843.48,38.2,5.98,80.38,94.54,105.51,Drone Swarm
80.33,21.9,0.05,23.93,39.27,0.0,Bird
909.68,31.96,3.04,101.17,94.22,98.6,Drone Swarm
655.44,17.89,0.48,59.51,54.51,21.03,Single Drone
13.49,10.4,0.04,18.34,41.55,0.0,Bird
663.63,12.91,0.44,45.64,61.71,29.73,Single Drone
153.52,38.07,2.19,91.87,98.27,104.93,Drone Swarm
14.82,15.95,0.03,24.18,37.62,0.0,Bird
956.93,23.89,0.2,49.9,51.83,40.96,Single Drone
877.35,22.54,2.33,84.3,96.38,116.24,Drone Swarm
555.71,20.4,5.59,83.73,82.57,109.93,Drone Swarm
132.62,31.52,0.48,64.09,53.82,23.56,Single Drone
117.62,11.69,0.05,21.77,41.79,0.0,Bird
718.83,46.27,0.45,68.35,62.19,52.58,Single Drone
77.66,17.01,0.03,20.2,39.56,0.0,Bird
419.92,47.9,0.21,58.28,51.07,37.32,Single Drone
61.74,21.1,0.02,20.93,38.76,0.0,Bird
29.15,24.43,0.04,14.37,38.01,0.0,Bird
84.53,18.35,0.02,21.49,38.28,0.0,Bird
857.63,26.53,0.46,42.39,46.21,46.73,Single Drone
436.44,10.78,0.3,54.46,62.26,31.22,Single Drone
933.66,13.63,0.34,46.9,55.35,49.44,Single Drone
112.11,17.88,0.02,14.18,39.72,0.0,Bird
30.25,14.16,0.04,14.49,40.32,0.0,Bird
271.32,30.4,1.9,78.8,75.93,119.96,Drone Swarm
694.54,44.06,1.86,106.12,92.8,78.14,Drone Swarm
310.5,26.42,0.38,53.47,58.45,22.97,Single Drone
899.81,36.48,2.42,91.19,76.19,103.33,Drone Swarm
784.64,13.97,4.53,78.42,75.68,92.01,Drone Swarm
766.11,37.61,5.81,109.51,71.72,84.85,Drone Swarm
184.96,5.42,0.02,22.28,39.56,0.0,Bird
967.18,25.94,0.27,44.22,45.3,52.77,Single Drone
626.96,38.86,0.21,45.97,61.46,26.11,Single Drone
146.81,10.09,0.03,23.14,38.21,0.0,Bird
702.34,26.32,0.36,43.03,63.66,20.61,Single Drone
318.42,34.72,0.2,43.93,49.19,42.11,Single Drone
568.21,18.06,1.53,76.82,90.53,117.55,Drone Swarm
428.14,40.87,2.89,89.54,71.05,115.06,Drone Swarm
226.49,31.43,0.47,68.81,45.82,56.15,Single Drone
600.12,43.93,3.03,75.77,92.38,115.53,Drone Swarm
653.56,30.07,0.18,46.64,46.05,33.31,Single Drone
633.77,37.92,0.41,43.7,61.7,43.08,Single Drone
968.4,45.3,0.38,67.95,50.88,31.15,Single Drone
723.15,49.01,0.26,43.82,58.57,58.19,Single Drone
383.59,13.66,2.26,101.36,77.82,103.63,Drone Swarm
797.61,14.7,3.5,77.52,82.22,85.82,Drone Swarm
904.77,32.35,3.4,109.82,88.31,110.26,Drone Swarm
165.42,6.74,0.04,23.46,40.4,0.0,Bird
804.82,18.56,3.1,88.69,89.18,99.77,Drone Swarm
585.04,13.99,4.44,99.67,93.12,80.29,Drone Swarm
55.25,9.93,0.03,22.71,40.42,0.0,Bird
452.51,17.92,1.59,81.83,95.99,103.74,Drone Swarm
294.75,49.2,0.29,40.98,62.28,57.1,Single Drone
855.17,12.92,0.1,47.72,56.56,45.75,Single Drone
132.06,22.47,0.01,11.54,40.03,0.0,Bird
373.0,34.52,0.41,67.68,53.72,44.29,Single Drone
740.67,10.4,0.3,67.96,61.09,29.79,Single Drone
42.47,17.82,0.01,25.46,41.71,0.0,Bird
75.92,24.37,0.01,19.64,37.84,0.0,Bird
323.54,17.88,2.13,104.24,75.31,114.85,Drone Swarm
906.57,12.39,3.77,103.46,84.65,119.76,Drone Swarm
592.21,35.69,1.68,81.68,90.47,85.83,Drone Swarm
148.36,7.67,0.03,26.35,39.75,0.0,Bird
440.19,16.98,0.32,57.71,54.08,38.95,Single Drone
695.17,33.19,2.47,104.78,71.88,118.18,Drone Swarm
96.55,27.99,0.11,58.13,45.43,30.62,Single Drone
192.86,21.49,0.04,17.42,38.71,0.0,Bird
151.83,18.61,0.02,10.04,39.49,0.0,Bird
80.51,18.57,4.12,86.92,89.16,73.42,Drone Swarm
97.07,17.46,0.02,23.85,40.82,0.0,Bird
792.66,25.6,3.62,79.8,90.85,81.47,Drone Swarm
127.01,13.51,0.04,24.33,38.77,0.0,Bird
208.69,14.34,5.19,89.21,77.09,91.73,Drone Swarm
65.51,23.49,0.05,23.71,40.36,0.0,Bird
123.17,6.23,0.03,24.32,39.29,0.0,Bird
735.76,12.99,5.54,85.52,93.16,87.45,Drone Swarm
13.91,9.42,0.01,20.98,37.17,0.0,Bird
929.27,13.93,1.85,100.69,74.54,118.35,Drone Swarm
806.57,46.16,0.16,68.31,47.38,40.27,Single Drone
126.18,18.6,0.02,24.78,38.49,0.0,Bird
652.35,29.1,3.71,87.36,75.43,80.77,Drone Swarm
156.48,9.61,0.02,13.77,38.66,0.0,Bird
107.04,10.2,0.03,26.77,37.01,0.0,Bird
649.97,19.19,0.33,50.95,45.46,40.58,Single Drone
428.71,44.27,5.28,90.32,79.3,115.01,Drone Swarm
285.87,27.08,0.34,45.14,49.55,28.36,Single Drone
70.11,13.61,5.38,88.66,71.66,87.43,Drone Swarm
470.56,22.13,0.49,60.86,45.1,58.78,Single Drone
964.6,15.4,0.29,44.67,57.83,37.84,Single Drone
81.53,17.95,0.01,11.7,39.61,0.0,Bird
58.19,21.01,0.19,41.93,56.21,25.38,Single Drone
366.09,24.58,0.14,52.67,55.82,53.21,Single Drone
124.1,6.77,0.04,10.47,38.98,0.0,Bird
352.14,12.08,0.46,48.7,62.78,20.82,Single Drone
152.95,23.68,0.03,10.29,37.89,0.0,Bird
179.96,17.39,0.04,25.67,39.99,0.0,Bird
170.7,29.94,2.35,107.58,81.8,109.47,Drone Swarm
115.23,20.25,0.04,20.72,38.79,0.0,Bird
947.93,29.02,4.53,101.89,94.22,97.4,Drone Swarm
978.12,31.19,3.39,95.52,78.69,92.54,Drone Swarm
699.26,37.08,0.2,47.91,52.87,58.2,Single Drone
678.07,44.71,2.35,84.7,95.73,94.89,Drone Swarm
347.19,42.96,0.12,48.46,58.8,54.12,Single Drone
660.64,46.8,0.31,68.11,56.99,32.22,Single Drone
760.14,15.21,0.24,64.32,60.65,23.97,Single Drone
987.46,26.37,5.46,104.25,99.39,97.46,Drone Swarm
801.75,17.96,0.49,43.49,46.33,35.63,Single Drone
162.54,9.11,0.05,17.02,38.42,0.0,Bird
776.89,46.46,0.28,69.33,63.93,47.95,Single Drone
647.31,30.47,4.28,79.34,96.23,80.69,Drone Swarm
484.04,38.8,0.17,67.4,48.99,59.37,Single Drone
365.31,22.99,4.39,88.45,89.54,70.8,Drone Swarm
824.05,42.1,4.57,94.12,74.3,86.28,Drone Swarm
515.3,14.23,0.39,61.23,52.94,29.29,Single Drone
810.78,15.98,0.23,49.33,48.68,52.77,Single Drone
184.97,18.39,0.01,11.74,38.58,0.0,Bird
185.67,35.91,0.28,65.73,57.97,48.22,Single Drone
732.33,13.99,2.64,89.69,92.5,96.97,Drone Swarm
275.81,16.03,5.89,108.92,75.09,72.16,Drone Swarm
294.29,35.44,0.2,56.69,48.51,37.35,Single Drone
174.99,39.73,4.89,80.25,73.47,74.16,Drone Swarm
52.2,14.92,0.01,26.46,38.09,0.0,Bird
24.07,18.59,0.03,12.12,38.38,0.0,Bird
671.89,32.76,5.99,98.54,72.52,101.24,Drone Swarm
119.15,18.84,0.03,17.45,38.1,0.0,Bird
533.51,21.1,0.13,51.87,56.11,48.37,Single Drone
961.76,47.26,0.38,54.11,64.46,35.0,Single Drone
485.16,27.19,5.87,103.48,97.01,81.81,Drone Swarm
376.26,23.77,3.89,76.4,95.61,118.31,Drone Swarm
460.22,47.42,0.14,51.91,46.0,40.13,Single Drone
774.24,23.08,0.27,43.73,54.63,42.27,Single Drone
600.84,11.17,0.48,54.85,59.51,27.63,Single Drone
834.33,43.54,3.31,102.1,83.78,96.05,Drone Swarm
732.11,40.78,3.45,76.06,73.26,102.67,Drone Swarm
70.61,22.41,0.02,25.56,39.42,0.0,Bird
259.45,44.06,0.26,56.61,48.37,53.69,Single Drone
32.05,24.93,0.04,13.9,40.22,0.0,Bird
731.97,37.25,3.49,104.95,85.51,90.59,Drone Swarm
642.26,18.16,5.59,77.17,77.71,95.02,Drone Swarm
87.81,30.93,0.23,53.55,58.07,36.15,Single Drone
769.89,20.6,0.38,45.15,63.76,23.77,Single Drone
206.5,23.14,1.66,97.06,77.74,75.34,Drone Swarm
885.42,11.88,0.17,67.88,58.23,32.8,Single Drone
337.49,24.39,2.96,103.99,94.97,109.34,Drone Swarm
955.52,40.14,1.96,97.9,94.26,74.57,Drone Swarm
136.76,36.04,0.38,45.39,61.87,25.68,Single Drone
114.35,9.94,0.05,20.97,39.9,0.0,Bird
232.87,39.02,0.28,44.83,48.81,26.91,Single Drone
443.89,44.94,4.09,92.38,79.34,112.88,Drone Swarm
767.23,43.33,5.08,101.97,70.51,88.13,Drone Swarm
348.45,12.53,0.31,46.43,48.2,27.26,Single Drone
68.67,36.92,0.46,65.91,45.24,32.44,Single Drone
126.85,10.38,0.04,14.09,37.58,0.0,Bird
809.3,28.8,1.59,78.3,81.44,95.76,Drone Swarm
786.55,17.24,5.22,79.72,82.45,89.53,Drone Swarm
45.54,20.3,0.03,10.38,41.88,0.0,Bird
15.04,5.1,0.04,17.58,39.42,0.0,Bird
191.92,36.22,1.68,98.01,79.13,105.13,Drone Swarm
79.09,14.61,0.02,20.43,40.33,0.0,Bird
683.09,46.43,0.15,64.88,49.24,39.81,Single Drone
393.46,37.04,0.32,51.74,60.42,54.07,Single Drone
663.99,45.25,0.4,48.06,46.03,34.17,Single Drone
57.55,6.21,0.03,25.46,39.58,0.0,Bird
151.63,12.2,0.01,13.41,41.25,0.0,Bird
904.98,31.28,1.52,77.12,78.21,102.04,Drone Swarm
270.31,14.91,4.07,96.99,71.52,117.94,Drone Swarm
153.48,21.8,0.01,11.65,41.66,0.0,Bird
186.64,9.48,0.02,24.28,37.35,0.0,Bird
199.95,17.21,0.04,25.97,37.99,0.0,Bird
60.39,13.39,0.01,13.31,39.92,0.0,Bird
150.81,7.02,0.03,13.71,39.09,0.0,Bird
57.37,19.36,2.68,94.13,95.93,92.2,Drone Swarm
312.27,43.86,2.15,81.43,96.22,86.23,Drone Swarm
110.89,30.61,0.18,65.87,50.81,38.88,Single Drone
76.25,16.81,5.82,80.33,84.64,116.87,Drone Swarm
977.63,11.64,0.19,68.7,58.26,20.81,Single Drone
520.73,19.06,4.7,75.42,73.58,72.78,Drone Swarm
26.22,7.43,0.04,29.42,41.74,0.0,Bird
130.29,17.42,0.03,16.53,40.65,0.0,Bird
303.45,42.46,0.25,69.87,61.26,26.47,Single Drone
36.01,13.8,0.03,23.23,40.12,0.0,Bird
89.91,30.19,5.4,84.66,94.96,104.82,Drone Swarm
136.79,37.98,0.4,60.6,52.71,40.99,Single Drone
45.45,22.55,0.03,10.27,39.03,0.0,Bird
179.2,20.11,0.02,13.09,40.71,0.0,Bird
250.22,30.12,0.44,67.51,50.72,22.63,Single Drone
123.75,19.64,0.02,22.5,37.77,0.0,Bird
144.3,24.75,0.05,21.95,40.41,0.0,Bird
413.69,27.98,0.4,65.64,50.39,45.86,Single Drone
175.03,13.14,0.01,23.36,37.79,0.0,Bird
39.64,18.18,0.04,26.66,38.34,0.0,Bird
807.91,16.67,0.37,46.48,54.78,26.4,Single Drone
36.62,13.25,0.02,26.11,38.69,0.0,Bird
179.49,24.68,0.02,12.11,39.33,0.0,Bird
361.49,32.91,0.41,45.09,52.85,29.2,Single Drone
183.82,20.42,0.03,20.82,40.78,0.0,Bird
773.28,23.62,5.34,94.91,98.91,101.75,Drone Swarm
635.79,16.19,0.39,68.88,63.18,42.14,Single Drone
412.5,28.07,4.79,83.09,91.73,94.52,Drone Swarm
657.01,10.99,0.33,53.32,62.82,43.3,Single Drone
617.8,14.67,0.37,52.24,60.48,28.31,Single Drone
683.21,28.99,2.68,90.56,89.38,94.72,Drone Swarm
595.56,39.26,3.5,80.11,86.33,101.38,Drone Swarm
387.57,22.13,5.44,93.85,94.53,77.89,Drone Swarm
831.52,11.24,0.44,57.63,61.32,47.14,Single Drone
416.43,41.16,3.4,99.8,86.58,96.16,Drone Swarm
954.65,27.44,0.16,56.63,48.72,37.93,Single Drone
939.37,16.39,0.14,60.14,47.94,36.31,Single Drone
558.77,27.73,0.47,46.03,47.78,48.97,Single Drone
667.08,42.2,0.12,60.23,51.92,44.5,Single Drone
80.39,16.25,0.03,14.36,37.73,0.0,Bird
954.0,20.99,4.36,90.33,70.37,82.18,Drone Swarm
310.93,18.71,0.33,68.16,48.58,25.51,Single Drone
65.05,21.32,0.02,22.75,39.82,0.0,Bird
430.86,12.24,4.57,104.23,72.32,95.52,Drone Swarm
780.61,15.69,0.2,45.84,50.71,38.31,Single Drone
127.13,36.68,2.32,102.07,94.52,111.89,Drone Swarm
119.61,9.26,0.05,14.91,38.79,0.0,Bird
36.78,9.78,0.02,10.3,37.63,0.0,Bird
996.9,37.9,2.61,91.51,71.33,118.68,Drone Swarm
399.85,15.22,2.31,87.16,88.43,118.23,Drone Swarm
246.41,42.94,1.83,92.13,78.52,116.6,Drone Swarm
171.43,8.62,0.04,15.13,39.13,0.0,Bird
91.15,16.02,0.04,22.13,40.38,0.0,Bird
694.93,13.97,3.35,91.35,70.87,72.85,Drone Swarm
869.81,26.01,0.23,52.39,60.42,57.41,Single Drone
207.26,35.86,5.01,77.57,91.67,89.11,Drone Swarm
97.37,39.95,0.47,49.86,54.71,57.5,Single Drone
645.78,44.65,3.12,83.52,81.07,78.48,Drone Swarm
773.06,17.92,2.57,82.34,80.3,119.34,Drone Swarm
554.55,40.64,4.31,97.13,85.69,78.8,Drone Swarm
121.02,11.49,0.03,21.66,38.05,0.0,Bird
169.8,19.57,0.4,51.14,55.39,35.29,Single Drone
344.09,20.3,3.18,81.5,79.15,100.91,Drone Swarm
221.28,27.02,3.06,85.77,84.73,77.99,Drone Swarm
610.74,12.51,3.05,76.02,77.52,114.8,Drone Swarm
76.72,27.19,0.23,68.43,60.88,28.56,Single Drone
155.09,12.83,0.03,23.42,40.8,0.0,Bird
75.28,45.94,0.31,53.2,60.65,55.66,Single Drone
295.96,44.99,0.12,64.79,56.29,56.49,Single Drone
337.64,34.93,0.37,50.6,51.96,20.21,Single Drone
13.75,17.73,0.02,29.16,41.0,0.0,Bird
947.47,39.79,0.19,53.87,49.23,51.45,Single Drone
776.61,16.85,5.03,90.45,99.78,86.24,Drone Swarm
188.88,19.66,0.03,28.78,38.13,0.0,Bird
736.34,42.31,1.6,100.52,78.2,96.41,Drone Swarm
107.7,21.89,0.05,22.83,37.78,0.0,Bird
179.32,13.08,0.04,23.99,38.78,0.0,Bird
99.05,10.14,0.02,12.95,39.15,0.0,Bird
169.95,6.25,0.02,28.57,37.0,0.0,Bird
185.16,12.01,0.04,29.37,37.08,0.0,Bird
61.16,24.85,0.05,15.83,40.76,0.0,Bird
112.72,6.04,0.03,21.18,40.78,0.0,Bird
81.72,40.32,2.53,92.99,90.43,80.06,Drone Swarm
207.88,20.23,0.22,55.29,50.81,44.95,Single Drone
412.05,17.54,5.32,81.46,70.78,95.74,Drone Swarm
127.47,8.51,0.03,14.99,41.73,0.0,Bird
379.05,27.85,4.14,104.65,92.32,108.09,Drone Swarm
988.72,43.07,0.33,50.07,53.36,36.38,Single Drone
543.35,47.45,0.29,44.16,55.33,59.41,Single Drone
172.54,8.99,0.03,28.16,40.0,0.0,Bird
108.81,5.49,0.04,16.93,39.82,0.0,Bird
87.97,12.92,0.04,24.47,41.83,0.0,Bird
457.69,24.26,0.4,54.58,49.09,59.14,Single Drone
436.1,41.33,0.47,68.53,59.68,45.0,Single Drone
331.44,39.15,3.2,86.29,95.87,89.74,Drone Swarm
892.27,24.67,0.34,55.09,62.8,43.0,Single Drone
791.66,13.46,0.27,45.21,60.37,46.05,Single Drone
598.73,38.91,0.18,69.65,60.84,44.7,Single Drone
939.67,36.42,0.27,57.14,59.99,46.3,Single Drone
170.0,7.03,0.02,12.02,39.98,0.0,Bird
697.22,20.73,0.37,49.26,53.65,24.14,Single Drone
208.75,41.34,4.58,97.09,90.58,119.93,Drone Swarm
26.85,12.1,0.02,15.57,38.85,0.0,Bird
919.34,38.59,0.42,45.44,52.27,32.87,Single Drone
54.16,39.92,2.67,90.98,84.66,107.77,Drone Swarm
83.85,22.47,0.01,15.95,38.47,0.0,Bird
158.58,23.02,2.46,109.7,71.14,79.15,Drone Swarm
180.39,22.56,0.03,10.99,41.4,0.0,Bird
154.55,17.15,0.02,17.98,39.39,0.0,Bird
56.73,9.17,0.02,26.78,37.53,0.0,Bird
920.92,24.33,0.26,60.94,61.08,31.38,Single Drone
179.1,17.36,0.02,19.03,37.81,0.0,Bird
186.67,21.65,0.49,54.87,59.37,29.69,Single Drone
119.34,16.85,0.02,23.19,37.92,0.0,Bird
26.25,20.68,0.01,26.89,41.55,0.0,Bird
745.98,29.01,0.15,59.31,47.17,27.68,Single Drone
118.6,47.14,0.15,48.88,47.49,54.82,Single Drone
491.63,22.29,2.34,97.88,74.87,71.81,Drone Swarm
38.82,14.09,0.02,12.4,39.42,0.0,Bird
679.59,23.71,5.62,105.13,77.73,82.64,Drone Swarm
111.93,42.92,5.3,87.93,94.17,91.16,Drone Swarm
16.53,11.38,0.03,12.27,39.34,0.0,Bird
708.79,44.58,5.29,103.57,79.15,117.12,Drone Swarm
125.22,14.77,0.04,23.54,37.54,0.0,Bird
716.49,48.76,0.31,45.13,49.14,25.29,Single Drone
308.92,24.24,2.42,99.48,83.98,102.27,Drone Swarm
24.16,12.09,0.02,15.02,40.37,0.0,Bird
295.39,27.39,0.32,43.38,46.78,32.16,Single Drone
239.38,41.53,4.94,76.25,76.02,117.45,Drone Swarm
629.21,44.2,3.45,99.67,88.59,71.91,Drone Swarm
143.57,14.9,0.04,24.76,38.62,0.0,Bird
187.1,19.33,0.01,20.65,37.82,0.0,Bird
737.61,19.73,1.92,78.3,73.53,112.81,Drone Swarm
475.55,33.46,4.67,97.99,95.74,115.43,Drone Swarm
179.84,7.19,0.04,18.6,39.3,0.0,Bird
125.17,7.14,0.04,26.18,39.59,0.0,Bird
865.04,13.58,0.4,66.82,58.18,30.41,Single Drone
468.33,12.85,2.81,102.22,91.49,71.79,Drone Swarm
168.71,21.36,0.05,19.82,38.94,0.0,Bird
193.09,23.42,0.03,27.41,39.92,0.0,Bird
350.63,38.69,0.44,58.58,60.32,43.2,Single Drone
934.7,39.28,3.93,75.68,91.2,109.6,Drone Swarm
197.34,18.85,0.02,26.09,37.9,0.0,Bird
860.65,47.8,0.18,41.55,62.09,24.01,Single Drone
687.22,32.7,4.77,97.27,99.98,75.2,Drone Swarm
534.94,12.11,0.33,53.94,61.19,54.9,Single Drone
930.23,29.35,5.32,84.01,97.99,117.64,Drone Swarm
71.19,25.03,2.68,97.38,91.14,118.79,Drone Swarm
25.98,7.79,0.05,24.15,37.36,0.0,Bird
402.51,30.82,1.8,97.61,85.41,81.81,Drone Swarm
186.05,17.84,0.03,19.79,38.05,0.0,Bird
422.14,22.04,5.82,101.63,85.76,84.73,Drone Swarm
466.1,30.4,1.86,95.78,91.38,115.25,Drone Swarm
354.02,33.96,0.15,53.17,56.82,57.51,Single Drone
57.21,6.96,0.04,20.63,40.77,0.0,Bird
152.62,24.4,0.04,10.78,37.49,0.0,Bird
147.27,12.37,0.03,14.68,38.58,0.0,Bird
799.25,25.79,2.17,104.85,76.3,97.58,Drone Swarm
185.91,43.7,0.28,40.34,62.41,32.0,Single Drone
143.47,14.6,0.04,21.21,37.31,0.0,Bird
31.02,14.19,0.01,20.93,37.03,0.0,Bird
557.26,31.49,1.73,91.54,74.77,111.71,Drone Swarm
166.15,19.09,0.02,21.94,40.91,0.0,Bird
109.66,21.12,0.02,12.23,37.56,0.0,Bird
172.07,17.33,0.01,22.63,41.85,0.0,Bird
420.14,37.74,3.79,106.09,85.65,108.51,Drone Swarm
664.98,13.12,0.1,65.83,52.6,56.24,Single Drone
255.38,33.46,3.22,93.81,91.35,114.71,Drone Swarm
363.07,31.9,2.26,103.02,84.1,82.39,Drone Swarm
85.61,14.74,3.41,88.34,91.08,86.2,Drone Swarm
446.58,39.67,5.27,82.18,76.64,87.79,Drone Swarm
327.98,36.18,5.42,87.5,82.84,96.88,Drone Swarm
81.49,23.89,0.01,21.86,38.67,0.0,Bird
391.69,40.65,0.23,40.46,52.2,40.96,Single Drone
167.82,6.16,0.04,16.8,39.98,0.0,Bird
356.67,28.74,1.71,102.07,85.88,72.28,Drone Swarm
73.75,41.83,3.7,93.76,96.15,98.63,Drone Swarm
436.01,38.3,5.92,106.89,80.65,98.35,Drone Swarm
565.79,17.98,0.19,67.38,52.46,43.55,Single Drone
243.36,12.24,0.2,53.09,50.42,39.93,Single Drone
72.87,13.35,0.03,14.05,40.13,0.0,Bird
839.76,33.77,5.41,88.32,98.05,96.07,Drone Swarm
810.13,20.61,0.29,68.87,58.67,40.2,Single Drone
232.7,25.34,0.28,54.82,59.38,34.43,Single Drone
103.4,16.08,0.45,47.57,59.12,48.18,Single Drone
556.38,32.9,5.88,77.56,84.99,70.22,Drone Swarm
198.66,18.35,0.04,26.06,39.42,0.0,Bird
164.01,22.96,0.03,17.71,41.48,0.0,Bird
70.81,18.28,0.04,24.96,41.95,0.0,Bird
149.66,18.13,0.02,10.67,41.39,0.0,Bird
53.56,27.9,5.29,87.04,96.1,87.75,Drone Swarm
399.44,14.83,1.51,89.33,98.63,98.29,Drone Swarm
228.82,30.99,0.49,52.28,58.3,34.73,Single Drone
770.22,17.61,3.34,104.48,84.84,84.23,Drone Swarm
156.2,17.13,0.03,11.32,39.72,0.0,Bird
980.08,46.79,0.43,61.31,51.69,41.84,Single Drone
167.46,20.37,0.04,21.98,40.83,0.0,Bird
49.88,22.23,0.02,22.26,40.88,0.0,Bird
865.1,14.8,2.75,81.95,94.78,100.6,Drone Swarm
629.38,17.44,1.91,107.02,92.08,74.11,Drone Swarm
579.8,16.26,0.37,62.75,58.75,46.76,Single Drone
79.87,23.87,0.02,10.38,41.05,0.0,Bird
640.55,30.61,4.06,103.47,77.29,101.4,Drone Swarm
139.77,14.85,0.03,23.24,38.99,0.0,Bird
215.27,18.61,0.28,66.36,54.88,47.9,Single Drone
910.94,33.16,3.19,96.4,78.53,101.69,Drone Swarm
648.19,33.28,3.57,89.7,80.25,103.34,Drone Swarm
174.2,25.35,2.6,109.62,95.29,101.35,Drone Swarm
950.22,28.24,5.05,102.63,92.84,83.44,Drone Swarm
144.53,14.79,0.03,11.04,37.28,0.0,Bird
967.33,32.65,0.25,49.1,50.79,33.58,Single Drone
624.09,16.38,0.25,67.61,59.59,46.04,Single Drone
58.38,17.39,0.01,15.63,41.1,0.0,Bird
115.79,13.61,0.03,12.86,40.29,0.0,Bird
281.02,24.85,0.4,42.93,63.77,54.97,Single Drone
163.3,14.08,0.04,23.34,37.22,0.0,Bird
394.18,47.68,0.26,63.05,55.95,59.63,Single Drone
90.79,20.88,0.02,29.81,37.25,0.0,Bird
628.08,18.34,3.92,85.11,81.52,89.09,Drone Swarm
450.13,19.41,3.62,102.62,75.87,92.69,Drone Swarm
429.98,14.23,0.46,50.5,62.99,20.74,Single Drone
371.58,15.46,0.35,63.45,51.62,22.33,Single Drone
81.62,13.28,0.01,21.56,40.11,0.0,Bird
33.19,15.79,0.04,13.59,41.33,0.0,Bird
173.74,7.63,0.02,23.16,39.98,0.0,Bird
34.54,15.5,0.04,11.25,37.44,0.0,Bird
89.94,21.25,3.73,107.7,78.76,113.99,Drone Swarm
379.61,23.53,0.35,53.11,48.84,56.18,Single Drone
885.85,16.72,0.39,40.67,53.22,51.19,Single Drone
555.85,24.24,0.21,59.27,59.2,59.39,Single Drone
27.94,22.09,0.04,15.29,37.26,0.0,Bird
40.53,23.61,0.04,13.21,41.19,0.0,Bird
121.3,13.43,0.01,17.66,40.13,0.0,Bird
66.45,12.24,0.03,10.81,40.58,0.0,Bird
561.31,32.77,0.32,56.45,49.03,52.84,Single Drone
410.75,19.43,0.43,42.97,59.39,33.79,Single Drone
12.31,16.34,0.02,10.38,41.54,0.0,Bird
137.83,29.93,0.16,57.69,45.19,40.21,Single Drone
574.19,35.74,3.67,106.12,82.84,99.06,Drone Swarm
178.88,27.68,0.38,42.87,64.09,26.37,Single Drone
115.32,34.78,0.12,47.55,49.84,43.52,Single Drone
497.02,31.58,5.58,99.31,87.79,113.99,Drone Swarm
724.83,38.52,0.28,60.39,61.53,40.4,Single Drone
694.78,35.09,2.57,78.14,70.96,88.22,Drone Swarm
416.75,28.55,0.44,67.64,45.85,47.96,Single Drone
327.64,21.79,0.21,57.2,61.18,34.83,Single Drone
712.31,23.5,0.21,40.32,49.97,21.62,Single Drone
331.28,33.8,5.98,106.35,72.97,89.42,Drone Swarm
32.02,24.0,0.04,28.89,38.13,0.0,Bird
69.96,12.18,0.25,54.59,45.64,40.53,Single Drone
175.28,6.64,0.03,15.06,40.85,0.0,Bird
859.0,46.34,0.42,40.87,46.11,45.03,Single Drone
112.35,12.63,3.42,99.55,95.98,113.0,Drone Swarm
375.75,30.13,5.52,97.96,96.51,98.33,Drone Swarm
148.87,39.66,4.36,85.38,96.48,86.42,Drone Swarm
74.15,9.4,0.03,20.89,40.17,0.0,Bird
596.88,28.65,0.48,43.61,53.1,21.27,Single Drone
109.88,17.07,0.03,14.45,39.22,0.0,Bird
130.36,17.85,0.04,23.76,40.72,0.0,Bird
85.65,20.49,0.02,16.56,38.97,0.0,Bird
176.75,46.07,0.15,40.54,63.67,50.35,Single Drone
424.07,40.91,0.16,51.38,45.47,56.25,Single Drone
140.1,12.6,0.02,27.95,39.48,0.0,Bird
570.71,12.13,4.96,88.47,90.03,111.36,Drone Swarm
291.19,22.6,2.29,93.43,82.82,94.12,Drone Swarm
528.06,36.68,0.18,44.96,62.95,57.07,Single Drone
781.24,38.11,0.16,58.28,58.34,42.28,Single Drone
665.88,28.38,0.37,47.74,55.7,55.74,Single Drone
136.94,16.1,0.02,24.63,38.93,0.0,Bird
150.13,20.97,0.03,26.82,38.55,0.0,Bird
831.88,40.48,2.28,100.85,96.7,103.08,Drone Swarm
251.13,22.37,0.29,58.19,61.4,49.27,Single Drone
792.42,30.81,3.92,86.97,75.01,75.28,Drone Swarm
764.21,18.32,3.84,96.1,91.57,93.67,Drone Swarm
862.08,15.52,4.86,78.62,96.82,101.26,Drone Swarm
121.5,10.26,0.02,26.55,39.38,0.0,Bird
107.3,17.64,0.02,13.19,39.22,0.0,Bird
140.0,6.31,0.02,11.35,40.3,0.0,Bird
915.08,21.7,2.89,84.96,72.54,92.3,Drone Swarm
88.25,14.2,0.02,22.45,40.76,0.0,Bird
32.72,23.85,0.04,19.01,40.67,0.0,Bird
840.61,24.73,5.83,95.7,74.54,118.91,Drone Swarm
408.34,47.91,0.17,47.65,46.52,28.21,Single Drone
680.58,19.23,1.6,87.42,78.67,112.43,Drone Swarm
117.16,18.54,0.23,49.87,55.73,56.99,Single Drone
335.92,11.3,0.43,45.44,47.52,36.68,Single Drone
102.22,13.26,0.13,41.95,48.65,27.99,Single Drone
71.83,6.65,0.04,13.31,37.21,0.0,Bird
126.55,21.26,0.01,16.71,37.87,0.0,Bird
273.61,36.22,0.48,40.28,55.17,39.04,Single Drone
197.38,22.27,0.03,24.75,39.1,0.0,Bird
570.79,32.5,5.37,94.83,70.67,94.55,Drone Swarm
186.68,35.12,0.26,46.43,46.57,48.35,Single Drone
592.64,21.19,0.21,57.85,54.24,54.73,Single Drone
661.71,16.23,0.12,65.39,52.91,48.24,Single Drone
92.18,36.45,4.23,103.51,76.94,72.04,Drone Swarm
871.43,12.96,4.87,78.35,72.13,88.71,Drone Swarm
437.81,16.63,5.18,95.75,71.3,83.25,Drone Swarm
151.38,17.54,0.18,57.58,48.73,24.18,Single Drone
755.25,24.66,0.39,49.4,63.22,32.6,Single Drone
385.8,25.42,0.22,63.26,56.96,47.91,Single Drone
684.54,33.89,4.49,80.48,72.93,105.83,Drone Swarm
310.35,40.09,2.84,87.12,95.28,110.74,Drone Swarm
600.8,35.35,0.4,44.31,63.96,55.0,Single Drone
110.6,43.69,0.41,48.69,64.2,50.51,Single Drone
874.6,48.69,0.34,64.13,51.96,49.52,Single Drone
183.74,19.71,0.03,12.71,40.37,0.0,Bird
32.21,15.71,0.03,27.91,38.71,0.0,Bird
47.1,18.03,0.04,17.82,37.1,0.0,Bird
136.39,15.54,0.01,18.93,40.62,0.0,Bird
962.01,12.62,2.35,83.31,98.94,97.42,Drone Swarm
224.84,39.73,0.31,61.36,63.65,29.16,Single Drone
322.33,14.26,3.87,104.83,75.88,107.22,Drone Swarm
840.06,10.21,5.5,89.01,80.22,116.89,Drone Swarm
221.62,12.05,0.42,44.73,56.66,45.17,Single Drone
84.88,41.76,0.34,40.45,54.29,46.15,Single Drone
945.9,10.48,2.31,105.82,77.42,85.11,Drone Swarm
527.25,29.68,0.37,68.46,60.5,43.33,Single Drone
173.84,49.46,0.28,60.57,48.44,33.78,Single Drone
589.86,26.43,0.23,54.06,51.97,29.42,Single Drone
717.82,33.85,3.62,88.67,85.26,110.78,Drone Swarm
161.98,8.2,0.01,27.72,37.55,0.0,Bird
67.17,16.31,0.02,20.77,41.16,0.0,Bird
277.63,10.64,1.92,79.35,87.68,88.26,Drone Swarm
22.74,10.72,0.04,18.35,41.91,0.0,Bird
193.36,18.9,0.05,11.58,41.98,0.0,Bird
799.84,28.25,4.76,100.62,86.91,88.94,Drone Swarm
176.7,5.23,0.03,25.86,40.3,0.0,Bird
148.51,13.56,0.04,27.32,39.88,0.0,Bird
186.84,21.58,0.02,29.92,41.21,0.0,Bird
452.7,13.53,4.55,87.38,90.12,95.83,Drone Swarm
442.82,37.47,3.47,93.26,70.18,72.29,Drone Swarm
425.32,25.22,5.14,100.57,73.67,115.11,Drone Swarm
173.1,13.62,0.02,26.51,38.48,0.0,Bird
990.77,33.29,0.25,62.91,55.1,35.21,Single Drone
342.94,38.24,2.52,101.2,98.82,85.1,Drone Swarm
407.03,35.73,0.42,62.66,56.17,46.25,Single Drone
100.05,16.57,0.04,22.89,40.23,0.0,Bird
672.99,16.51,2.28,78.87,74.41,77.93,Drone Swarm
494.33,24.01,0.16,58.53,62.51,54.96,Single Drone
473.59,30.81,0.25,69.78,60.03,22.21,Single Drone
132.36,15.12,0.05,13.14,37.98,0.0,Bird
623.14,43.87,2.13,94.04,92.67,103.23,Drone Swarm
470.46,37.43,3.72,89.38,89.33,79.88,Drone Swarm
294.61,15.78,0.43,51.64,54.4,31.86,Single Drone
67.88,11.8,0.01,18.64,41.89,0.0,Bird
155.05,10.44,5.24,89.0,93.93,91.96,Drone Swarm
782.91,16.13,1.91,91.42,82.55,118.23,Drone Swarm
136.3,19.89,2.18,91.99,83.08,106.46,Drone Swarm
19.77,13.59,0.01,21.0,38.03,0.0,Bird
112.01,10.23,0.32,51.63,47.05,53.82,Single Drone
103.41,10.16,0.31,43.54,58.15,55.63,Single Drone
315.47,44.72,5.83,81.14,70.52,106.72,Drone Swarm
517.75,47.2,0.42,69.41,61.24,53.38,Single Drone
196.65,11.09,0.02,15.62,41.43,0.0,Bird
48.31,21.28,0.02,13.26,40.71,0.0,Bird
190.62,10.39,0.03,10.45,40.35,0.0,Bird
817.56,43.81,0.21,68.68,54.39,44.81,Single Drone
601.72,44.36,0.34,46.41,49.01,47.18,Single Drone
184.77,15.61,0.04,11.69,37.8,0.0,Bird
21.6,24.88,0.02,21.14,41.04,0.0,Bird
130.35,16.86,0.04,13.99,40.0,0.0,Bird
72.45,7.44,0.01,23.09,37.12,0.0,Bird
851.54,16.87,0.36,58.13,51.61,46.14,Single Drone
510.13,19.99,5.38,101.63,96.33,95.76,Drone Swarm
99.72,9.63,0.03,15.06,37.22,0.0,Bird
412.54,11.81,3.68,109.03,81.51,82.17,Drone Swarm
73.63,9.82,0.02,23.82,39.54,0.0,Bird
768.81,26.48,0.3,60.23,48.16,42.2,Single Drone
194.28,24.75,0.01,15.75,38.96,0.0,Bird
510.0,14.24,2.52,87.2,83.73,74.66,Drone Swarm
119.87,11.53,0.02,19.33,39.76,0.0,Bird
501.03,29.46,0.11,54.43,50.07,47.25,Single Drone
715.77,35.71,0.29,51.85,45.31,32.05,Single Drone
487.31,20.75,0.36,48.1,48.42,47.75,Single Drone
395.45,12.03,1.55,103.32,78.29,105.0,Drone Swarm
218.28,29.56,5.53,108.79,84.82,97.04,Drone Swarm
863.45,15.54,3.36,89.3,72.34,107.07,Drone Swarm
844.56,25.46,0.43,53.44,54.92,57.14,Single Drone
690.03,30.78,4.98,76.4,72.07,99.94,Drone Swarm
921.55,28.96,3.67,93.26,89.81,112.53,Drone Swarm
916.2,24.07,0.22,42.61,50.96,22.85,Single Drone
152.49,21.32,0.02,12.33,38.91,0.0,Bird
266.91,30.35,5.28,105.26,92.91,84.47,Drone Swarm
48.95,19.66,0.05,26.49,37.4,0.0,Bird
120.89,17.39,0.03,27.26,39.44,0.0,Bird
98.58,19.59,4.35,97.87,72.28,99.55,Drone Swarm
616.24,30.13,0.45,49.27,58.91,56.68,Single Drone
17.74,18.01,0.03,25.0,37.27,0.0,Bird
15.01,5.15,0.05,28.76,39.04,0.0,Bird
477.45,33.85,0.38,54.04,58.02,40.84,Single Drone
251.16,40.14,0.45,63.17,46.48,20.56,Single Drone
78.68,26.85,2.81,98.52,96.58,106.16,Drone Swarm
993.51,11.85,3.63,79.92,83.55,109.58,Drone Swarm
434.94,29.28,0.11,65.74,52.86,40.1,Single Drone
914.09,44.99,0.3,54.15,60.37,23.4,Single Drone
304.28,26.23,3.32,94.1,97.99,83.39,Drone Swarm
15.04,23.01,0.05,23.92,38.1,0.0,Bird
886.71,40.69,5.93,101.22,74.74,104.94,Drone Swarm
930.56,36.83,0.22,40.88,59.17,58.14,Single Drone
104.15,23.52,0.12,64.27,48.98,58.38,Single Drone
108.83,24.03,0.02,26.08,41.66,0.0,Bird
990.4,43.55,4.32,87.81,84.0,87.26,Drone Swarm
837.45,13.09,5.39,82.45,75.49,97.13,Drone Swarm
66.98,39.48,2.6,107.97,99.69,109.36,Drone Swarm
900.17,23.0,5.81,82.33,78.94,109.11,Drone Swarm
890.13,49.44,0.14,43.77,62.81,51.62,Single Drone
464.53,15.06,5.88,85.78,93.78,80.2,Drone Swarm
18.92,13.42,0.04,18.39,40.17,0.0,Bird
733.42,16.59,0.23,52.34,53.43,28.09,Single Drone
944.88,43.63,2.77,99.68,99.45,79.62,Drone Swarm
222.73,35.07,0.2,60.81,54.96,50.52,Single Drone
842.46,23.55,0.38,57.58,54.76,34.88,Single Drone
85.05,21.79,5.88,80.98,97.33,100.72,Drone Swarm
184.29,24.13,0.02,16.69,37.6,0.0,Bird
217.1,31.1,0.12,44.32,51.58,31.41,Single Drone
103.0,18.6,0.04,18.55,38.78,0.0,Bird
729.11,14.77,3.1,105.78,77.59,73.68,Drone Swarm
97.24,9.64,0.01,19.66,41.67,0.0,Bird
702.87,36.32,0.43,46.6,54.3,42.88,Single Drone
35.54,15.12,0.01,26.96,39.98,0.0,Bird
359.91,26.04,0.21,40.48,46.29,24.75,Single Drone
65.7,17.32,0.03,12.93,37.74,0.0,Bird
63.38,18.91,0.04,11.04,38.77,0.0,Bird
127.86,23.0,0.03,19.19,41.98,0.0,Bird
169.81,24.47,0.15,61.11,48.97,38.77,Single Drone
317.82,36.88,0.33,55.9,62.24,50.17,Single Drone
187.22,24.11,0.03,29.51,37.46,0.0,Bird
111.1,20.91,0.02,17.02,41.31,0.0,Bird
657.58,17.58,2.83,102.28,73.32,88.72,Drone Swarm
637.37,45.74,0.24,56.63,51.11,43.56,Single Drone
558.58,49.16,0.21,59.1,46.68,57.11,Single Drone
364.37,13.74,0.41,46.82,47.06,34.86,Single Drone
344.21,33.19,0.41,56.03,55.87,55.55,Single Drone
159.05,38.87,2.07,94.52,73.36,118.36,Drone Swarm
162.7,6.83,0.03,24.77,41.59,0.0,Bird
97.91,21.55,0.02,28.09,40.59,0.0,Bird
286.26,31.46,5.9,89.18,71.92,96.42,Drone Swarm
324.69,31.86,0.31,52.89,53.87,49.61,Single Drone
150.85,48.62,0.41,44.26,54.4,42.28,Single Drone
208.21,40.96,0.19,46.09,47.26,45.77,Single Drone
52.67,24.6,0.03,17.62,40.98,0.0,Bird
112.48,7.59,0.05,14.29,40.57,0.0,Bird
63.92,16.08,0.04,16.81,41.18,0.0,Bird
341.43,32.0,5.8,80.62,97.68,82.77,Drone Swarm
783.54,28.02,4.93,103.25,85.91,109.1,Drone Swarm
123.61,28.68,1.82,94.64,96.65,78.19,Drone Swarm
95.01,9.69,0.04,19.72,41.76,0.0,Bird
23.18,9.75,0.04,23.89,37.92,0.0,Bird
78.3,17.0,0.02,22.57,41.07,0.0,Bird
69.23,9.66,0.01,18.45,38.65,0.0,Bird
141.99,8.18,0.04,14.22,39.87,0.0,Bird
146.03,16.81,0.03,13.36,40.0,0.0,Bird
85.48,24.11,0.03,24.66,41.09,0.0,Bird
105.54,16.06,0.46,62.0,47.55,23.65,Single Drone
569.09,30.39,0.13,43.81,53.32,39.72,Single Drone
39.64,21.13,0.02,21.43,37.75,0.0,Bird
503.97,20.89,0.5,56.29,52.51,48.01,Single Drone
533.43,33.79,3.57,88.83,90.96,115.73,Drone Swarm
328.99,17.25,2.25,101.12,75.72,78.28,Drone Swarm
274.78,31.76,0.35,57.56,60.27,37.69,Single Drone
78.85,11.77,0.01,12.37,39.07,0.0,Bird
59.0,24.51,0.04,12.51,38.24,0.0,Bird
336.51,26.6,0.48,65.36,54.98,21.5,Single Drone
310.18,18.84,5.41,84.51,89.33,70.48,Drone Swarm
457.41,21.81,3.22,102.65,71.48,83.02,Drone Swarm
360.74,15.66,3.79,101.75,97.39,72.81,Drone Swarm
642.33,35.0,0.28,49.63,53.18,54.32,Single Drone
173.85,9.33,0.02,27.79,40.8,0.0,Bird
194.22,22.49,0.03,14.11,41.67,0.0,Bird
180.63,21.93,0.05,28.77,38.71,0.0,Bird
962.35,47.39,0.38,59.12,51.24,55.15,Single Drone
745.28,48.63,0.39,42.17,48.97,25.14,Single Drone
43.51,19.96,0.02,17.69,37.78,0.0,Bird
649.23,38.1,0.46,48.41,54.51,26.87,Single Drone
248.64,26.3,0.44,41.57,62.08,36.74,Single Drone
723.86,24.89,2.66,108.47,83.91,105.98,Drone Swarm
474.53,19.24,0.15,59.14,61.9,38.95,Single Drone
188.0,21.63,0.02,20.88,41.49,0.0,Bird
153.36,19.14,0.04,21.53,37.63,0.0,Bird
856.16,30.51,3.82,76.46,97.23,101.37,Drone Swarm
382.01,19.85,5.16,108.67,70.12,91.6,Drone Swarm
65.33,5.68,0.04,25.68,38.15,0.0,Bird
186.58,7.65,0.02,23.55,40.88,0.0,Bird
163.6,18.93,0.02,15.53,41.94,0.0,Bird
90.04,13.88,3.61,103.13,72.19,97.5,Drone Swarm
169.28,14.72,0.04,13.35,41.05,0.0,Bird
145.66,15.24,5.25,88.01,84.31,119.43,Drone Swarm
175.01,18.91,0.02,28.94,41.76,0.0,Bird
187.1,16.68,0.28,65.61,64.83,38.85,Single Drone
732.76,28.42,0.16,48.17,59.34,54.22,Single Drone
57.0,18.62,0.02,17.11,40.08,0.0,Bird
302.4,42.72,0.11,55.13,48.45,43.57,Single Drone
587.29,38.61,5.52,92.59,79.81,85.75,Drone Swarm
186.38,17.52,0.03,13.43,41.67,0.0,Bird
44.5,18.19,0.04,26.02,39.09,0.0,Bird
549.79,47.63,0.34,51.4,55.17,26.16,Single Drone
531.05,35.24,5.1,83.38,89.62,89.13,Drone Swarm
197.27,17.37,0.01,18.85,38.27,0.0,Bird
525.59,24.91,0.4,49.47,50.71,38.24,Single Drone
80.09,18.8,0.05,15.26,40.41,0.0,Bird
812.97,31.81,3.82,75.79,75.04,74.57,Drone Swarm
63.49,20.95,0.28,64.33,60.05,39.52,Single Drone
76.17,14.04,0.05,27.24,41.3,0.0,Bird
204.5,21.85,5.91,86.82,70.77,72.01,Drone Swarm
465.88,49.97,0.46,46.3,48.95,33.56,Single Drone
164.36,19.42,0.2,57.59,56.92,55.59,Single Drone
136.53,24.99,4.21,105.81,90.76,104.43,Drone Swarm
173.54,13.17,0.02,11.62,41.73,0.0,Bird
921.17,11.23,2.99,82.18,95.05,115.18,Drone Swarm
659.42,25.01,5.91,88.59,77.74,93.63,Drone Swarm
73.51,8.72,0.03,26.65,41.89,0.0,Bird
200.23,44.38,5.05,76.48,91.02,78.27,Drone Swarm
27.69,6.35,0.02,16.16,40.77,0.0,Bird
935.94,42.07,0.15,48.64,57.35,42.14,Single Drone
61.71,17.2,0.03,25.05,38.71,0.0,Bird
101.42,15.99,0.04,15.31,41.91,0.0,Bird
49.2,6.35,0.01,26.51,41.23,0.0,Bird
74.8,24.26,0.02,12.21,39.01,0.0,Bird
110.96,23.72,0.03,29.94,41.7,0.0,Bird
478.09,18.99,2.49,89.58,92.38,102.57,Drone Swarm
340.71,24.68,5.72,100.85,89.43,89.22,Drone Swarm
936.22,26.14,0.48,58.95,63.45,30.33,Single Drone
344.08,27.94,2.05,93.27,75.77,110.87,Drone Swarm
653.17,29.13,4.53,99.02,72.2,81.37,Drone Swarm
300.23,37.27,3.43,80.22,77.0,115.42,Drone Swarm
61.4,19.55,0.17,57.12,47.64,55.76,Single Drone
591.87,10.57,4.01,92.36,86.05,97.72,Drone Swarm
919.7,10.44,5.62,97.5,82.04,73.78,Drone Swarm
914.43,39.62,0.31,52.35,59.08,32.73,Single Drone
67.81,8.61,0.02,24.65,41.43,0.0,Bird
184.74,16.43,2.01,84.07,89.72,109.55,Drone Swarm
31.58,21.12,0.01,11.65,37.07,0.0,Bird
132.72,12.94,0.02,22.3,37.95,0.0,Bird
190.97,14.93,3.64,107.0,76.33,106.97,Drone Swarm
723.15,26.38,2.34,75.65,80.89,115.85,Drone Swarm
344.72,13.39,0.32,44.6,52.56,51.85,Single Drone
150.23,20.71,0.04,10.79,40.75,0.0,Bird
183.27,44.5,2.9,79.63,98.12,101.85,Drone Swarm
117.38,6.44,0.03,12.07,40.92,0.0,Bird
56.36,17.77,0.03,27.82,40.65,0.0,Bird
335.22,24.15,5.78,80.11,97.95,113.8,Drone Swarm
205.54,31.07,0.21,54.3,63.61,23.88,Single Drone
432.6,17.4,5.96,89.18,94.45,102.38,Drone Swarm
344.27,38.83,5.7,105.71,87.21,107.0,Drone Swarm
624.03,31.05,4.61,92.12,89.52,96.6,Drone Swarm
422.43,20.11,1.52,90.92,73.0,111.85,Drone Swarm
614.0,42.13,0.34,40.36,61.93,27.72,Single Drone
622.35,40.35,0.25,43.02,45.6,44.77,Single Drone
193.01,20.65,0.03,13.39,41.4,0.0,Bird
89.57,24.97,0.05,14.63,39.25,0.0,Bird
475.17,12.19,4.2,94.06,84.01,82.21,Drone Swarm
81.68,23.54,0.04,14.15,41.06,0.0,Bird
865.06,36.68,5.06,91.79,71.0,90.83,Drone Swarm
266.91,24.93,0.48,48.85,61.93,41.68,Single Drone
500.45,15.44,0.23,52.07,58.19,56.06,Single Drone
416.97,26.99,0.32,41.44,46.42,53.03,Single Drone
438.4,29.27,2.05,85.76,95.65,115.81,Drone Swarm
127.37,43.41,0.32,63.44,46.89,22.84,Single Drone
269.39,17.47,1.72,106.76,97.84,78.14,Drone Swarm
794.33,41.32,0.15,63.65,50.3,56.45,Single Drone
127.22,21.9,5.09,98.65,94.0,110.66,Drone Swarm
672.73,42.28,0.46,44.64,45.88,56.45,Single Drone
79.88,21.52,0.04,18.88,39.57,0.0,Bird
919.53,28.37,0.12,47.88,51.92,23.85,Single Drone
108.59,17.85,0.04,28.53,38.78,0.0,Bird
989.72,27.49,4.86,79.14,82.25,94.41,Drone Swarm
135.2,15.17,0.02,27.59,40.48,0.0,Bird
606.52,26.48,0.26,57.13,53.68,31.0,Single Drone
506.17,47.73,0.14,64.31,46.1,40.55,Single Drone
265.79,21.04,1.52,91.39,89.11,108.93,Drone Swarm
14.83,20.59,0.04,10.17,38.29,0.0,Bird
939.16,10.82,1.83,99.24,86.82,71.57,Drone Swarm
830.56,32.31,4.92,93.67,96.9,96.69,Drone Swarm
70.22,7.5,0.04,12.34,39.53,0.0,Bird
106.63,23.56,0.04,18.68,37.87,0.0,Bird
239.14,31.57,0.38,60.67,45.89,48.64,Single Drone
955.64,11.3,0.36,52.49,52.6,58.91,Single Drone
644.37,37.43,0.23,61.56,56.8,59.7,Single Drone
24.41,18.9,0.01,19.08,38.97,0.0,Bird
152.02,15.72,0.04,27.41,39.5,0.0,Bird
475.57,36.47,0.27,68.89,49.62,58.71,Single Drone
881.24,19.17,2.86,100.73,71.73,72.24,Drone Swarm
944.08,33.78,2.34,94.78,86.29,108.23,Drone Swarm
167.03,19.73,0.02,16.53,38.79,0.0,Bird
692.58,17.49,0.21,63.85,48.38,51.82,Single Drone
954.83,30.85,2.7,107.06,97.71,119.81,Drone Swarm
919.09,44.58,0.35,45.29,51.26,29.89,Single Drone
619.41,38.38,2.74,92.22,74.2,87.7,Drone Swarm
982.94,25.74,3.42,102.94,71.36,101.67,Drone Swarm
90.6,22.38,0.03,23.55,41.16,0.0,Bird
237.79,30.63,2.46,97.74,84.36,101.55,Drone Swarm
196.79,26.35,0.4,67.09,49.16,29.31,Single Drone
208.5,15.6,3.83,75.68,84.87,108.22,Drone Swarm
53.9,18.78,0.02,20.05,38.02,0.0,Bird
282.45,11.96,5.66,100.76,94.67,117.88,Drone Swarm
102.06,24.15,0.05,27.48,40.45,0.0,Bird
631.48,40.49,5.5,97.08,94.26,78.63,Drone Swarm
277.51,16.25,4.96,91.52,76.79,102.44,Drone Swarm
828.69,42.2,0.47,61.97,49.22,20.35,Single Drone
36.62,11.21,0.05,18.39,39.07,0.0,Bird
225.04,35.57,0.37,48.68,50.72,34.56,Single Drone
78.84,15.05,0.21,59.22,45.02,38.24,Single Drone
513.66,20.25,3.05,100.34,76.07,101.59,Drone Swarm
834.26,28.83,0.46,42.0,47.72,27.78,Single Drone
701.56,11.91,3.35,102.5,70.19,78.89,Drone Swarm
308.13,18.78,0.49,54.42,47.62,22.67,Single Drone
13.81,15.8,0.02,14.76,41.73,0.0,Bird
507.36,17.2,2.89,104.28,89.67,80.28,Drone Swarm
254.32,29.33,1.73,88.88,92.41,102.07,Drone Swarm
481.35,22.34,3.29,90.82,91.92,99.57,Drone Swarm
820.39,48.24,0.12,65.6,49.68,54.12,Single Drone
190.58,12.77,0.03,10.63,40.9,0.0,Bird
65.84,13.42,0.29,66.29,59.2,31.66,Single Drone
693.27,16.44,0.14,51.58,59.93,34.57,Single Drone
125.82,20.95,0.03,27.91,37.52,0.0,Bird
205.19,13.02,0.44,56.24,53.37,43.87,Single Drone
588.52,27.18,0.41,51.28,51.5,21.51,Single Drone
211.94,43.21,0.46,43.39,56.63,44.25,Single Drone
215.56,40.69,5.03,106.04,86.99,112.34,Drone Swarm
802.61,29.53,4.56,102.07,81.13,82.36,Drone Swarm
118.45,13.94,0.04,28.21,40.6,0.0,Bird
527.73,28.7,0.39,53.12,55.28,26.93,Single Drone
618.33,44.63,5.76,101.5,93.34,92.02,Drone Swarm
165.27,18.76,0.04,17.14,37.64,0.0,Bird
904.29,29.49,0.19,67.63,53.14,40.77,Single Drone
105.65,9.67,0.04,28.54,41.78,0.0,Bird
195.78,18.17,3.14,77.14,72.2,72.29,Drone Swarm
124.7,22.82,0.43,51.81,61.46,54.54,Single Drone
180.45,24.38,0.04,27.53,38.42,0.0,Bird
158.91,13.94,2.83,88.01,75.06,70.32,Drone Swarm
78.44,18.79,0.03,20.84,41.54,0.0,Bird
154.87,19.75,0.03,21.92,41.29,0.0,Bird
29.59,8.34,0.02,11.35,37.62,0.0,Bird
70.42,22.24,0.05,11.25,40.49,0.0,Bird
40.71,5.44,0.03,13.88,37.63,0.0,Bird
89.6,18.13,0.05,16.07,37.44,0.0,Bird
90.22,18.97,2.96,102.31,79.78,82.93,Drone Swarm
851.62,31.18,0.15,52.42,59.3,33.78,Single Drone
560.41,23.78,0.42,53.63,60.66,44.42,Single Drone
343.99,39.64,0.37,58.17,56.04,52.38,Single Drone
492.58,32.12,5.24,79.47,79.88,73.16,Drone Swarm
148.3,31.8,0.4,55.1,54.02,41.52,Single Drone
923.62,14.08,5.5,96.18,73.14,79.98,Drone Swarm
772.38,12.52,0.46,68.29,54.92,22.12,Single Drone
150.37,27.67,0.35,52.36,50.1,21.92,Single Drone
980.45,41.03,2.81,75.74,87.87,110.3,Drone Swarm
344.85,21.47,0.18,54.76,56.51,48.4,Single Drone
48.98,23.38,0.01,23.24,40.14,0.0,Bird
659.03,41.62,0.13,60.12,60.82,25.58,Single Drone
244.24,22.71,4.82,77.13,88.5,99.01,Drone Swarm
71.2,21.84,0.01,28.17,38.56,0.0,Bird
190.64,15.84,0.02,25.93,41.03,0.0,Bird
289.59,23.19,3.92,78.75,83.25,97.1,Drone Swarm
39.33,24.26,0.04,28.66,37.69,0.0,Bird
608.41,46.27,0.23,64.01,63.73,37.76,Single Drone
225.09,25.58,0.13,60.8,55.98,20.29,Single Drone
555.37,38.01,1.83,92.64,95.53,104.38,Drone Swarm
508.41,37.75,3.47,86.49,90.61,85.11,Drone Swarm
842.61,19.03,0.25,53.57,51.45,41.37,Single Drone
870.6,41.25,0.22,60.69,56.48,51.74,Single Drone
623.05,26.42,0.45,51.89,58.22,24.77,Single Drone
707.23,41.06,5.83,75.27,71.23,116.77,Drone Swarm
603.31,15.54,0.34,46.64,58.91,49.7,Single Drone
511.03,23.82,0.46,43.24,52.95,30.29,Single Drone
55.07,14.94,0.04,10.7,41.14,0.0,Bird
137.04,21.45,0.03,14.74,38.49,0.0,Bird
572.23,36.54,0.12,69.43,48.38,40.06,Single Drone
42.93,19.63,0.03,10.11,37.2,0.0,Bird
159.94,20.64,0.03,21.94,41.37,0.0,Bird
616.34,40.99,0.11,68.84,50.95,56.32,Single Drone
338.89,15.07,0.28,68.69,47.12,34.22,Single Drone
139.49,18.0,0.02,29.27,40.24,0.0,Bird
220.21,40.49,0.16,66.21,59.43,57.02,Single Drone
304.6,45.25,0.14,51.96,64.72,39.3,Single Drone
149.19,10.46,0.04,15.5,39.63,0.0,Bird
258.81,36.36,4.01,76.28,94.39,91.16,Drone Swarm
206.03,35.51,5.74,93.36,94.6,116.52,Drone Swarm
503.13,25.05,0.43,45.36,50.05,56.32,Single Drone
281.8,37.37,0.13,54.97,58.74,26.87,Single Drone
354.95,30.48,0.17,55.29,48.98,44.41,Single Drone
882.39,41.44,4.62,84.52,87.33,116.61,Drone Swarm
600.35,24.87,0.13,69.83,54.91,41.15,Single Drone
927.94,29.5,4.35,93.34,96.07,99.22,Drone Swarm
328.02,43.66,0.2,59.05,63.98,21.23,Single Drone
599.82,39.86,0.3,54.94,45.79,37.78,Single Drone
556.66,46.83,0.17,45.92,46.56,37.42,Single Drone
331.22,25.0,4.01,92.9,70.44,91.25,Drone Swarm
928.38,19.29,2.57,79.81,77.78,79.32,Drone Swarm
382.13,45.79,0.21,47.95,47.64,57.8,Single Drone
814.92,48.01,0.31,45.27,55.94,38.41,Single Drone
175.7,6.7,0.03,23.17,38.6,0.0,Bird
931.61,38.49,2.26,98.01,72.5,78.77,Drone Swarm
698.39,20.08,0.1,50.43,51.86,44.38,Single Drone
408.67,38.72,1.58,101.88,77.94,80.76,Drone Swarm
148.68,20.71,2.45,107.63,76.52,96.65,Drone Swarm
117.8,18.41,3.34,93.06,79.72,98.7,Drone Swarm
521.91,38.39,0.33,50.27,52.06,37.19,Single Drone
805.8,43.1,0.1,46.6,59.28,40.36,Single Drone
938.62,48.8,0.41,69.87,58.52,35.04,Single Drone
132.68,13.84,5.7,93.63,96.35,114.79,Drone Swarm
379.65,43.28,0.46,56.55,49.02,32.67,Single Drone
191.27,19.18,0.04,14.21,37.86,0.0,Bird
726.61,32.21,0.13,56.01,55.15,27.53,Single Drone
263.79,38.83,5.84,85.15,80.98,77.17,Drone Swarm
854.03,34.73,4.68,100.05,94.31,93.56,Drone Swarm
906.16,11.88,3.27,77.1,97.34,85.82,Drone Swarm
458.64,32.89,0.45,49.83,64.83,50.02,Single Drone
665.63,32.64,0.13,64.84,57.28,21.01,Single Drone
103.82,8.53,0.04,23.45,39.33,0.0,Bird
683.58,26.72,0.32,54.94,50.45,27.08,Single Drone
12.76,10.5,0.01,18.37,37.25,0.0,Bird
827.3,20.25,2.63,90.95,93.96,99.18,Drone Swarm
93.74,15.9,0.03,15.11,38.67,0.0,Bird
708.27,17.79,0.26,61.62,62.99,21.98,Single Drone
645.46,18.24,0.28,53.29,56.32,23.23,Single Drone
741.25,15.07,0.32,50.39,59.71,42.51,Single Drone
29.28,18.67,0.02,27.18,39.93,0.0,Bird
80.68,8.4,0.03,27.76,40.23,0.0,Bird
892.4,25.93,2.76,83.06,79.69,111.23,Drone Swarm
80.93,21.36,0.05,17.91,38.91,0.0,Bird
91.51,9.97,0.01,26.9,37.39,0.0,Bird
278.51,10.09,4.15,95.65,81.18,99.25,Drone Swarm
211.24,29.35,4.45,95.27,79.42,107.19,Drone Swarm
739.78,38.8,0.25,55.73,64.94,46.16,Single Drone
315.61,30.7,3.71,104.03,75.32,105.88,Drone Swarm
988.0,29.65,0.37,62.97,57.48,53.95,Single Drone
865.44,19.32,4.98,104.46,79.03,107.73,Drone Swarm
25.73,7.37,0.02,21.48,39.73,0.0,Bird
976.82,32.48,0.25,51.8,53.04,45.2,Single Drone
260.16,23.17,5.11,93.0,96.93,106.27,Drone Swarm
283.53,45.85,0.44,44.2,47.0,26.12,Single Drone
248.4,21.45,2.93,79.39,93.53,72.63,Drone Swarm
495.82,10.99,5.75,98.1,91.3,109.26,Drone Swarm
90.58,11.99,0.03,15.19,41.11,0.0,Bird
808.63,32.32,0.38,45.89,47.13,44.25,Single Drone
986.66,20.52,3.39,88.03,75.82,73.74,Drone Swarm
68.81,5.51,0.03,29.94,38.44,0.0,Bird
131.82,21.82,0.02,27.97,38.17,0.0,Bird
451.55,13.11,0.35,58.47,61.12,40.26,Single Drone
131.99,20.17,0.05,21.07,41.25,0.0,Bird
805.8,29.25,2.0,105.63,93.24,92.48,Drone Swarm
477.87,31.43,4.63,75.7,87.86,102.27,Drone Swarm
825.91,33.51,3.4,102.93,80.68,78.83,Drone Swarm
178.96,48.46,0.47,44.11,63.52,36.34,Single Drone
164.75,12.18,0.03,11.77,37.73,0.0,Bird
347.02,16.59,5.35,95.25,70.99,87.23,Drone Swarm
137.78,14.04,0.01,14.64,38.68,0.0,Bird
984.88,42.35,0.24,54.14,55.64,49.1,Single Drone
88.4,6.47,0.02,27.96,39.71,0.0,Bird
986.87,24.14,3.81,93.63,83.82,102.42,Drone Swarm
664.09,41.7,0.32,44.7,63.78,54.94,Single Drone
359.86,19.96,0.35,52.62,60.38,38.97,Single Drone
367.09,15.23,0.13,69.34,54.29,26.66,Single Drone
368.11,31.53,1.89,85.59,85.61,103.19,Drone Swarm
495.71,29.78,2.4,75.55,89.63,107.29,Drone Swarm
913.39,12.01,0.48,43.09,47.7,31.21,Single Drone
402.43,16.57,0.33,63.7,61.11,34.65,Single Drone
145.22,30.35,5.79,102.0,74.62,119.83,Drone Swarm
63.38,13.43,0.01,22.97,41.33,0.0,Bird
868.19,30.25,2.37,93.0,72.76,76.07,Drone Swarm
418.57,33.74,0.19,40.2,53.59,47.17,Single Drone
62.7,9.55,0.04,27.62,39.84,0.0,Bird
63.55,16.86,0.04,23.98,39.53,0.0,Bird
534.71,43.9,5.7,109.16,83.73,97.75,Drone Swarm
151.35,14.76,0.03,15.76,38.24,0.0,Bird
740.4,37.19,4.12,100.54,89.1,79.36,Drone Swarm
121.38,19.75,0.05,11.34,41.77,0.0,Bird
633.48,22.93,0.33,58.29,60.68,28.11,Single Drone
15.15,10.95,0.03,21.14,38.81,0.0,Bird
143.69,18.6,0.02,25.17,41.51,0.0,Bird
99.58,42.73,4.17,109.35,88.47,82.03,Drone Swarm
878.04,33.17,4.56,108.08,70.1,107.35,Drone Swarm
89.42,15.3,0.2,54.2,47.08,20.28,Single Drone
266.11,36.11,0.45,62.27,51.72,39.21,Single Drone
103.6,23.62,0.02,13.35,37.3,0.0,Bird
108.58,24.36,0.04,21.55,41.67,0.0,Bird
482.21,16.59,3.66,76.71,76.99,106.45,Drone Swarm
27.4,18.14,0.04,18.84,41.49,0.0,Bird
66.12,31.46,0.18,59.46,57.07,43.69,Single Drone
25.99,5.49,0.01,20.06,37.98,0.0,Bird
130.14,7.58,0.03,10.44,37.43,0.0,Bird
467.17,32.76,0.38,41.85,49.42,52.95,Single Drone
568.28,42.36,4.06,75.59,89.28,115.41,Drone Swarm
868.69,20.79,2.35,108.48,80.77,90.43,Drone Swarm
73.95,11.24,0.02,16.35,40.32,0.0,Bird
542.81,18.05,0.32,52.73,55.33,21.49,Single Drone
859.45,21.39,0.48,47.01,64.01,47.27,Single Drone
971.33,19.75,2.1,99.42,80.58,72.38,Drone Swarm
463.63,44.13,0.43,65.25,62.43,21.14,Single Drone
102.35,26.41,0.37,54.11,61.08,32.87,Single Drone
641.42,24.39,0.31,49.68,51.99,54.35,Single Drone
906.65,28.73,2.82,103.95,92.74,81.8,Drone Swarm
193.47,6.54,0.03,15.56,37.78,0.0,Bird
38.48,11.31,0.03,28.63,41.14,0.0,Bird
867.88,33.9,2.35,92.45,97.56,101.99,Drone Swarm
777.93,31.13,0.45,59.61,50.6,39.49,Single Drone
182.48,13.53,0.36,58.18,63.98,55.46,Single Drone
986.68,39.83,1.8,94.87,94.58,75.62,Drone Swarm
710.22,28.79,0.44,53.6,48.88,54.71,Single Drone
246.19,19.14,2.97,98.7,78.1,81.61,Drone Swarm
827.02,42.66,4.2,88.77,72.51,95.55,Drone Swarm
710.86,22.52,4.39,80.35,70.61,114.77,Drone Swarm
191.25,20.53,0.01,18.58,38.98,0.0,Bird
134.53,37.75,2.8,108.81,74.55,76.39,Drone Swarm
403.21,11.76,3.18,104.98,72.47,88.73,Drone Swarm
42.1,8.84,0.04,12.82,37.99,0.0,Bird
532.39,43.42,5.82,87.37,71.81,103.06,Drone Swarm
625.6,13.33,0.29,59.33,61.03,34.36,Single Drone
844.76,32.23,1.64,88.61,85.8,86.3,Drone Swarm
582.36,43.38,2.42,108.13,85.35,82.7,Drone Swarm
533.82,40.22,5.62,102.95,74.22,74.64,Drone Swarm
122.78,7.55,0.05,19.75,40.39,0.0,Bird
463.26,24.61,0.36,60.4,64.78,55.68,Single Drone
863.48,17.18,5.78,76.2,76.7,82.71,Drone Swarm
495.94,13.9,0.25,50.95,50.6,35.92,Single Drone
556.4,26.87,0.45,68.3,45.83,32.5,Single Drone
35.91,20.61,0.01,11.14,41.4,0.0,Bird
476.88,19.05,4.76,93.95,85.19,112.96,Drone Swarm
55.95,19.16,0.04,25.79,40.5,0.0,Bird
375.11,39.58,0.39,52.45,59.78,31.65,Single Drone
59.83,23.81,0.01,28.08,39.23,0.0,Bird
90.64,36.25,4.55,94.28,71.82,75.56,Drone Swarm
417.09,44.41,4.02,81.71,83.36,77.59,Drone Swarm
166.17,40.85,1.91,98.08,97.6,110.78,Drone Swarm
845.6,25.09,0.27,46.41,51.62,46.23,Single Drone
110.26,11.54,0.03,26.76,40.35,0.0,Bird
716.64,40.24,3.82,100.04,75.87,104.11,Drone Swarm
113.28,10.2,0.02,18.22,37.19,0.0,Bird
461.21,43.05,3.83,80.44,99.69,90.77,Drone Swarm
36.5,10.95,0.03,18.66,38.2,0.0,Bird
32.58,18.18,0.03,22.97,39.74,0.0,Bird
763.85,10.88,0.19,48.66,59.04,45.6,Single Drone
947.93,17.03,4.47,109.54,76.81,115.3,Drone Swarm
82.8,23.66,0.04,27.37,40.74,0.0,Bird
627.8,42.13,0.34,55.2,51.59,51.36,Single Drone
491.18,29.68,3.84,105.05,91.74,83.0,Drone Swarm
769.77,28.46,1.93,81.86,97.12,117.74,Drone Swarm
787.08,19.32,0.43,47.57,48.78,39.77,Single Drone
211.3,42.93,2.99,104.18,94.78,85.47,Drone Swarm
166.04,12.89,0.04,12.33,38.73,0.0,Bird
771.03,10.64,0.41,57.56,54.01,31.91,Single Drone
89.31,19.47,0.02,26.1,38.36,0.0,Bird
850.14,27.73,3.51,92.95,93.36,111.13,Drone Swarm
204.12,22.17,5.98,85.81,73.31,93.85,Drone Swarm
474.01,34.9,0.28,67.83,57.28,50.78,Single Drone
77.63,16.11,0.02,22.41,38.4,0.0,Bird
86.48,44.67,0.36,58.87,54.92,53.26,Single Drone
64.29,24.54,0.03,19.1,37.67,0.0,Bird
131.68,22.68,4.62,87.34,93.58,102.48,Drone Swarm
66.62,13.42,0.12,58.2,53.76,50.03,Single Drone
466.0,39.68,0.34,67.16,62.44,35.31,Single Drone
581.26,25.04,0.21,63.35,49.89,59.74,Single Drone
785.76,44.72,0.16,63.14,63.97,39.36,Single Drone
157.35,20.53,0.04,26.29,40.13,0.0,Bird
